,,,,,,,,
,Updated on: 18th May 2023,,,,,,,
,,,,,,,,
,These are the filenames for Android + iOS. Switch to the PC filenames using the buttons at the bottom if thats what you need.,,,,,,,
,,,,,,,,
,Character Name,Skin version,Model pose,Current filename,Old filename,Differing filename for iOS,,
,Admi,0,aim,4b98e97669b0ed972944e86a1a1ef34f,fbac1b001a2e511e783d643c37faf73e,,,
,Admi,0,cover,ab61a7db5302b7bbd0b60c47a7758ab1,ec77d683f35b0953a9aac76faec152ff,,,iOS files share the same filenames as Android. The select few that have different filenames have been added in the corresponding column.
,Admi,0,standing,d632f47d0a68dd9b62e6aa8b0171c215,f6c7cc745f4ceb77e03cca1c3ab53eb4,,,
,Aid,0,standing,ac4de29d8265e0fb607c7b4472635dd3,cc9629078dbc5c29017a05c64aee4593,,,
,Aki,0,standing,33bf2af96d8dbe819a548a394cfb6a86,11181cda194015ebaf665d3e1ef946b6,,,
,Alice,0,aim,f0cc87e2a550c9ce2e9894ce2125b648,67bf896acf34cc9a56422038bb07a72e,,,Newly added files
,Alice,0,cover,69acc48251c71718a69525a86ea8e089,520fdbed73525368a323489c1cfc2371,,,
,Alice,0,standing,f7608e1dc4207a23b805ecd6fdbec673,8edbe2336b817eef4ef59d6cb0e3d2a0,,,
,Alice,1,aim,bcaefd96fe8efac389fa2841d373a0e0,1a00803498a35fa8f391c623b1c2d7ab,,,
,Alice,1,cover,6b88f9ae9c01708dd71c7a2ad7fe6465,50473424bf64ce30839ca20d501f56d8,,,Files that got renamed
,Alice,1,standing,1f560d534e73d5011b703aeb9a4b3520,e5fc1132f7811d8c672ce132efe295c7,,,
,Anchor,0,standing,a0451dbc2045146118613e4fa26df519,617f915b5edf4a01e1ba656d6ea112df,,,
,Andersen,0,standing,359518aae3b4ea5c386e3fc7f042c0e1,970e343d1b519f87faa2ff23710e3f6e,,,
,Andersen,1,standing,4a82f7d643c5f56f3ce334b436ec52fd,ff39135cbbde79c6c5a330e3624e1ba4,,,
,Anis,0,aim,fcbbec91cb6d2bc4ed05c9d06a7d1d6b,040aab069ba749e3bc9419dc41f1e859,,,
,Anis,0,cover,bb878552a6db168452f689bbd2d4bc3e,739dba5cdb505e1fabbbe9ef89deb286,57860d460a9dc50d54d4433b805fb268,,
,Anis,0,standing,7d54f0c551485bf9afe1fd04b062bcff,e8a24e4cacb4c2f31f033d40573e5a66,,,
,Aria,0,aim,0e87a19ae939b26c9bbebc6c6824b0a8,d4096e882a164e459ee65a4e3c3e7c9b,,,
,Aria,0,cover,bfd755dce75b999d3ff3422fb8ecd101,7aafdb458a4df9f00c364ed2439aad98,,,
,Aria,0,standing,ed6a013764880011c6a7f3695c35f18f,ffd0c20e8adfedd8d61c9c562b133857,,,
,Belorta,0,aim,edd7d96f7784a2b5e4e90dc191fb5a81,4d1a9d158545b56789a06ddbe6c9184d,,,
,Belorta,0,cover,16a7df1c4d279770b2b4ecfcc68bd4f2,a742355540e03320fd0dcc849efe9ffe,,,
,Belorta,0,standing,5d8110047c5ae2f04f2dd0fccb2447a8,efbce40e32cc4fad1afa2cf536e28c81,,,
,Biscuit,0,aim,20c9a1dc0c3cffa49eac5f832c4156f8,31aa65624c9a8bb73a5ca9210c43f98f,,,
,Biscuit,0,cover,c3a3772cde7215a29c81f14a978cd48a,1a2a0cdc39b95fe595ffdbefdbb7bb2f,,,
,Biscuit,0,standing,db823e16a298ff8fd5f18effbb7dc988,99460d3d595d27f5f21abbb4f9bbebab,,,
,Blanc,0,aim,f9ff0f9b47ca5ba71f9913aea9b40e75,,,,
,Blanc,0,cover,3b8a88773e7851ed1da50bc72aa7a25f,,,,
,Blanc,0,standing,8cbd1bf0bdbed4b30ecc10ad8b42f034,d1ff9f72d598f8556d399cb178294a0b,,,
,Brid,0,aim,236e7e397cfbe473d4fa20c22bc691fe,bb05053e8d84c1f5cb81a3b8fc5909c5,,,
,Brid,0,cover,21278f8a6d2cf369125cbbe50b8d5983,68b26097ab77d0e24244062599a5b7ae,,,
,Brid,0,standing,da1f2c287eb50191a0ddade9750884c7,af6fa469c2f0beafe85a37e55e23008c,,,
,Brid,1,aim,8795b0887bfb110f0c9c63abb0bedc0a,ba0e5603d7a8e443905cd8f24366b3ea,,,
,Brid,1,cover,bb3887470fa7b85dae807433ed08b234,12ee46c82682cd9377ce99acbebda1f3,,,
,Brid,1,standing,0cd9ab01dd68714371aa61d2d36962ea,db5eeeadfd7c3ba104a5f32279aef827,,,
,Cecil,0,standing,de870bf08079001aa10691d826639da6,31697d587520ea10f9b5e5e71f94a797,,,
,Centi,0,aim,eddd518a1c80aca1bdcad2c7559c984e,68538b09c39b01f08f20bc1b02ae70c9,,,
,Centi,0,cover,2616f24810406e37deb68ac8da58dd5e,7dbcf5f7d79fed36dab64990d50f487b,,,
,Centi,0,standing,2953850ea56bf4a7007d56a4c47f666a,553a3b5a951946fbfda28d3b8f4ff2e2,,,
,Centi,1,aim,40df8dd533980502304762ae72dac012,5f261cb6ca4eb8f57a279a1092a33eb8,,,
,Centi,1,cover,8af97b358125a5cf8a10ce461a232c01,f600897c707178d82ddb1e01d4db369a,,,
,Centi,1,standing,f222f5b50161b19be52984983a2fe276,a3ef9c8e4ca6a469447ee41f9d051b03,,,
,Cocoa,0,aim,ad29dd561e9bd4cf9d3d49d4c73dc087,dcacaafa11abc34876e6e4fc906ea42e,,,
,Cocoa,0,cover,907b9d5c9612a482766e3b2a5da85d37,69a85f823db0562e26230ceb1231eb3f,,,
,Cocoa,0,standing,297556fca54209e9dfad99fd238fac22,7e4723a0d3c78f159a4b249d528f817d,,,
,Crow,0,aim,2605de9a76eb153f7c1c02f91a45d12e,38586c00b978908ea3b9ecc739a998d6,,,
,Crow,0,cover,89db8b69436c5b249c9e1ac6ab9867f6,270f267edc2fa55d32019d92ef586150,,,
,Crow,0,standing,f2019efaabf4f9afac0424283f303a2d,d5f0db3da74eb3797398aa13dc603668,,,
,D,0,aim,ac7470bdc6acd3cebe4763c4b251a0f5,ed9bfe092bf033b9c030676e05fcf0b9,,,
,D,0,cover,6cce9bbbf68a6140107fb705baee8af4,c85061b5431265edbab948ccbe2e758f,1f175c8bfb0d44b823f79471e4984b02,,
,D,0,standing,5cc938b38a42da0db095f9fac516d82b,79f1651913b1d010bed75107a0fc76cb,,,
,Delta,0,aim,4f13e5393683656a9a365e46a69954cd,e15275ddb7e089273f9720a9db710acb,,,
,Delta,0,cover,ac0221c9b1d47b2178a36ded22129e01,aa015a87f9ba5c254d206afb43cbc038,,,
,Delta,0,standing,748b07a133a3c95ea66f14e29fa62cff,832e220cdc8d2d10f6874ea620cd1acd,,,
,Denji,0,standing,b2fe8534b5a6b2187142fe820b7b0c7b,5ece246a717b245016b4b27506dfc8a2,,,
,Diesel,0,aim,e07d23ba3d8c8d9d8d958f617c3699bc,08d0e1055deb63b2a5ff978f294dffb2,,,
,Diesel,0,cover,6b5b23f7a89a83e158a03f30dff1ddd0,85ac69f16e9ff299fbe60d95e56b689d,,,
,Diesel,0,standing,c1c388c1bf46caf9e4c0dbd983f93137,f3322366292d0a16124a8b6ee98fc6c5,,,
,Diesel,2,aim,cbd51db6742964f6d2fe0ed6685b6130,bbdb9b66e8d64e6b11fd5a8c765f66e7,,,
,Diesel,2,cover,c383850128e229aba90b9e1216310cd6,c1f14eafd30c70038e184761439f4400,,,
,Diesel,2,standing,01cf80a16cece83978121e7923672c2e,c114da927c060a77a366db7d418301bc,,,
,Dolla,0,aim,d180cb0c176655bebc4a74248e277ac5,965d583c53bf23422912c89b516dc214,,,
,Dolla,0,cover,f1e2ed8bfec8ce596455b500467e78a6,1f0a8b4eedb3cb2d7ee88bd0739aa585,,,
,Dolla,0,standing,3ece63ad28267f410aae3c39d698b3e2,db88fb39f83ed2e9d1eff110e137cded,,,
,Dolla,1,aim,5f67f6fcdbd651c2789754ce47ca1232,cdaed6fcc08f605ef248f48bd22cef17,,,
,Dolla,1,cover,481e66b06c3ef6fbfde79736ce7221b3,fb65c99a999b4ec89b0a1c84bfbd6c26,,,
,Dolla,1,standing,de3ce130a111f3ba7c0b0a0f8992635f,1a3cce0f800dca1fb8f516c3b013c322,,,
,Dorothy,0,aim,fcf707d62a5e2cbf2c0d88a564be5479,fe4b0b3259421f2426ca935364423681,,,
,Dorothy,0,cover,e325e8e1a8eb72d98bef494099a51f92,c343cdcc0a467e5ea36d3b2f5615d46a,,,
,Dorothy,0,standing,05c7c1d7d83d6a973a0dd04e4e1bfb4a,88edb085ec5da091ec0ff0da29c58362,,,
,Drake,0,aim,c54809c379d4a8e2fef57855d25c9a1f,155ecbc569be40563ac4f04382e6b9b8,,,
,Drake,0,cover,6c3739525a9444420aee052a085b1994,ce107deb7f166b5afdc5ca755948e966,,,
,Drake,0,standing,c839ed547bb8ea96ba3c69bb8d70aba0,337fd88c0cfbcf6eac26d8ba2fc5c63a,,,
,E.H,0,standing,c48fe44802d11b41a4f1b7b507fd599b,9daece842b892da354f6287409db4496,,,
,Ein,0,standing,529d390f25a4467b8a145ff91d28c84d,2bfe804fcae11ba183bbb969c0dfde70,,,
,Einkk,0,standing,3d3d002b4a5f48d27ddcfc216bf4f8a6,d6d54f5f70282e6599ea47d9c9394f54,,,
,Emma,0,aim,ab4c492dd12d5067277092ae55e3287d,d6974ebaf67127775993a08a781aee32,,,
,Emma,0,cover,70da519a014736c3d06a197d7bd43bb3,3e9bade37c9541797803013eb351915f,,,
,Emma,0,standing,522a73b965c5a626253ce2b9c426b043,519a40a470bfb90b0d0e391d5b891407,,,
,Emma,1,aim,347b4737bb9924f78c90f61caaea1bc7,15269776f75e4fbe4cdc9848e59a17dd,,,
,Emma,1,cover,21f99a76c1e95e98db384ef7452acbbd,5c55d9660885959bae2044173c98362d,,,
,Emma,1,standing,397ca427b6c4a54436d2d0b4fd666323,9d40510d33df85b2c04f0c73f0994ef2,,,
,Emma,2,aim,63a1d2183ba21d0d8bbb2fd17e40c17e,,,,
,Emma,2,cover,a21f75c4ebd9d05402cd9a43ed65f0df,,,,
,Emma,2,standing,3c40829b593093af24a6a8cc2fa0e6dd,,,,
,Enikk,0,standing,b9f66c4bab79d60fb575551d03c50269,4e6d8c663706d29e8b794d3458f4a27a,,,
,Epinel,0,aim,6c1f82f57e3e7c7ede360a52f0daa7fe,a24cb5c3d411201cb546a80a3cb1b288,,,
,Epinel,0,cover,b86ace179b299de8baffbe594f5d2db8,e33aa9d6737dd517762fa0f1170eeaab,1282d7f203a5e60819a66539f9a2e9ee,,
,Epinel,0,standing,d15da183d19288f8a952b68bbd1d1815,172d6279512662a897af2da33c603cdb,,,
,Ether,0,aim,6cb371c3f142fdb885c4b2a87f675bc4,06fa00443f4e568b63be1761a18abb45,,,
,Ether,0,cover,073417b7d8a28b4f3ed1b3ad52e9b428,f912d7f7ab204c058c0a7acfb70891f0,,,
,Ether,0,standing,d3d8e76b716b469e2f22fa5b72aa19a6,e84d5d0f21d17c827b006e70c72038f3,,,
,Eunhwa,0,aim,2c48a1efd665a155dbdfca8ee5473d46,a708d3305456fcfefafcf3a5102b9cc3,,,
,Eunhwa,0,cover,c07c89083e84e27b525c03325adf925d,270c84a0bb09732ad73d2f41af18703e,,,
,Eunhwa,0,standing,3c35dea9570474ef3a9ae765cced1537,5451e1338ddc967f8205d73ab262347b,,,
,Exia,0,aim,f18d825d8aad7c64305becdc64e83f6c,4cf6e0232aedcec4ffcdcfc4fa57f4b6,,,
,Exia,0,cover,3d6909b94e89835c9693885caa18ba80,ea60a3a1d761e36478ae87c2e5a0e178,,,
,Exia,0,standing,a28735719da940ae76f3f93d860aa536,b19e9cd7692ff54a2f20d298f6cdee92,,,
,Exia,1,aim,d6758144d0a3f054132c6409f73ac644,2f69481b32c36ba8d524350667b5d423,,,
,Exia,1,cover,3838ab23177550511bad8567b3b1c959,3709a024e98f2393adf902be6b6984a2,,,
,Exia,1,standing,29d266618f1494e2cb7eb72691da26af,538fed26602ef1fa1aad2b2e900cc892,,,
,Folkwang,0,aim,15f48a1fe2a694acc3b789aa3ece0bb7,c2016d2baea98f15e16ff4827d5170a2,,,
,Folkwang,0,cover,e933a9e4171fd30007927ab6f922bc5e,64f3a8b766826532ef7d9f98b4e42c9c,,,
,Folkwang,0,standing,3dcbe2e35e639ce485fb0492b40923a7,44123b8154d14dba6b315d8a6fc42832,,,
,Frima,0,aim,722d574fd3a4e2eb0357c7dd30d695b9,eba0c96c8c7f9a61fd46e84535258e4f,,,
,Frima,0,cover,6ea75e20e8d1aa1df96fa68e0d6b37e3,03f28037344eb20204178cfd67094ae8,,,
,Frima,0,standing,48545a6c7b5fd58e23b5f0da448b2065,ebc90a5b5ed8484bcc8a9af635c6235a,,,
,Guillotine,0,aim,240a3e21bcbb94b7555aff5a8ec48bb4,7759895a9535d6ddaae1a81be3730ae9,,,
,Guillotine,0,cover,995e8ae5d60d97d320e7a5ae40bca0a6,46c6ec9432384b1fae426f6eda186fad,,,
,Guillotine,0,standing,5982986fbe46587ad1dc35c7cd762efa,398c432ef51b00e1e710acaeff69ae02,,,
,Guilty,0,aim,b55f80b3cab116edb628c62a8ce7238d,120aa17ece686402a3f9b0c6dd51419f,,,
,Guilty,0,cover,777ad3f5f3f9dbfa80310def54d3b340,90c7b6d1c83603460e8a86ebb565fc78,,,
,Guilty,0,standing,6ca92849b8d39f124d8053ae8c5d2f5c,87799c2b8d0ac14b04837ba3e11d7e2a,,,
,Harran,0,aim,d7a10a837ec313f5dae676022608749e,834affc8a89a15cb5b05b92b75fe1184,,,
,Harran,0,cover,ab6697c0996f9469296a89d9a9a3b740,46c4138f2d4c07e29e3d4b142096c9b2,,,
,Harran,0,standing,68e19e8b6d9fa2a4e95b830eda087e79,251c4183718176be75ef99a15a29b250,,,
,Helm,0,aim,22d9bb6a352adf489a5a18316ed18f8b,b3828a8c5e1a3487b7d3760f6a38abc7,,,
,Helm,0,cover,6d7d0058d03fb689c9aedae66b7bff43,bb81233eab6cdaa208bb6c0ba52b5037,,,
,Helm,0,standing,fbeeb5bbba06d8ceebf2b7f2966d8f3a,551ffb3504fea22a6b2b33b7003b1dc6,,,
,Helm,1,aim,cc76a47b689644ae71b2abee769c471e,5bc2f9f8030557d2f7efca2af8408b05,,,
,Helm,1,cover,274bb0e04a9bb2beb03909a524252978,f240ccd7b7e1b980a7db91e3204241aa,,,
,Helm,1,standing,7b4ee159adb2267551de1bd7ddc5fefd,0be755a12dab25426edbeff3ce7ea258,,,
,Himeno,0,aim,b5361c0a854af40467e95018b25ab66f,11ff8ecfac5e470a588f89f66afa0f2a,,,
,Himeno,0,cover,4792ebb6d0d3364809a309603c221092,8d92510354f31ea3a65e8e53d9f87058,,,
,Himeno,0,standing,5f75b810ba338f12501add979e83ee0e,27d7724f0c40edb307571e765f058cb7,,,
,iDoll Flower,0,aim,57a34ad8affe7a81dc2f6b2e4a7bd631,898de97f47497164e6cb12ccfa5d1455,,,
,iDoll Flower,0,cover,0bc6437095be4e92f5f5a757ed8a13bc,ebe5a5f333a2c0fd016179cf21850ea9,,,
,iDoll Flower,0,standing,96a9c4672ed23e05f2db56b018dd509b,a4b1d11bd6c04b4fee984d28020b7ee9,,,
,iDoll Ocean,0,aim,77c8a6a458339ffde91ca0d957ca34ea,17d76ac40438bf5e91dd4c3a804f6da6,,,
,iDoll Ocean,0,cover,fffc639fc1ebcdad1f26501ae9972540,fe3384651728a2fa89e98c6eb9452ff7,,,
,iDoll Ocean,0,standing,17a6403a812541083a4df0eacbf4eea5,83755ab155df02ae15fc86e8d83aee98,,,
,iDoll Sun,0,aim,81497feaa10e3ba5734d7f8d01e75131,764baa435b9c7040f17cac3331f30ccf,,,
,iDoll Sun,0,cover,a76e754f948a4295390fa892f3c001bf,8c40d7d86037f8c807e23231972d80c8,,,
,iDoll Sun,0,standing,58d4f9711e05af61f51dfb4fffac1124,d0061bc0def1305fed413806f9c690d2,,,
,Ingrid,0,standing,fd6364a93d3afa9ad53ced85c9d78ff5,a788c7f6427f2259a01154ea465e408f,,,
,Isabel,0,aim,ab25ed0e36bd14fa73715fe11ce53e29,938a15d98516a5eab1c7e76dd9ce11fb,,,
,Isabel,0,cover,132a890ff7eaea040b7a768a562acd8e,1a4e9205c48ed1585b824cfb4bfcdcfd,,,
,Isabel,0,standing,08809e3bdbf2d81e538f5e7acb073eb0,ad52b01fbd798528a57d0fabfd568e90,,,
,Jackal,0,aim,2ac7a1e7806e21c926815c82cf0260e4,ac4cb21d3496a200890a02230fc48fff,,,
,Jackal,0,cover,99606ac782d85458680e4413e95175f3,853919bc403f7df7d32693d83311df7e,,,
,Jackal,0,standing,43470b65c5fd4ed1c45ac3141e30fb0e,37de2057d6639eb34b7d7497d3ff78a0,,,
,Julia,0,aim,1de844e84da99d8292e2c60eeb9ddb6e,eb9118c2d27f899210a56e2fd7d1186f,,,
,Julia,0,cover,31af7242b6e59214c24e84249946301d,d07dde8185d813d75fcec1ebaf1b6dce,,,
,Julia,0,standing,5fb6de8286df8e73db00cb4b4f6b3751,7a94bfb484e3ac3d5e311b7159a5963a,,,
,Julia,1,aim,02b67fdadc44eed5c4bfab3bf5fac3fd,dffc710768317909883382eb350665ef,,,
,Julia,1,cover,12b1de21b0576f91eb8f2d0965e1ece6,38de52299ca390059a4e006d36e2a389,2295dacf26cb927c389a93a0cafdf432,,
,Julia,1,standing,af37e707f368551df83c420d549a1333,ac4936dff8bb3e0f6de1b4ed8eac087d,,,
,K,0,aim,b7daecabbfd3536a7aa9f749b3f64aa4,394043346ca3b200880c57955cf7e64c,,,
,K,0,cover,5143ec1bc2f6334d72a7463e8eef2d9e,d8661d3c872103dbcc2b5bdf6930b7d2,,,
,K,0,standing,552a2299105bb6c33704aa35ea2bda6a,d01c0ba67b96f3ad8474be4989a08401,,,
,Laplace,0,aim,09603495334a3efc7498ca630d55a637,c5b24d6e76012f356cf62794cc58acf9,,,
,Laplace,0,cover,63d457fd2ebd6fcc776d0ba412791baf,bd0248b27cc4d762b5e07664da821b03,,,
,Laplace,0,standing,6a52dbaeceda713b6146cf1d7cbde225,537214b86f75c774349ed6f796ece835,,,
,Liberalio,0,standing,b06345c02f2cf8d07f8435a9bb1c537e,793944a53db34d8717643a184534936d,,,
,Liter,0,aim,2bb6c3e0657674d63919a67939a2e57e,c0699cfe7e696ed8ab815e605863e4be,,,
,Liter,0,cover,7e118fdf6d04c698192cec8813121881,bf4eebbd45710533cdca4c8564a3e650,,,
,Liter,0,standing,41bd739400bf1794d88b462289754cf3,6bcc22ab2ad850a373dcd5618586a488,,,
,Ludmilla,0,aim,a598310a018eb3798a717d0edd69c8ab,34033ae179e38f0d106c6411cb1236fa,,,
,Ludmilla,0,cover,09ab817e9096d653cdf8d0a5a3233c35,dfffcb87a9496fdd69c1017fe7ad119f,,,
,Ludmilla,0,standing,89e6626430905081d9b7c61e6dddcc4c,aacfc59f0f5f7781b769c6eb8c939f07,,,
,Maiden,0,aim,5f282b6302ad7b10e0e4b79228706f19,604b6cd2adb509154b3410038069c8f9,,,
,Maiden,0,cover,b8282c8fab42391e0ddf7210ff529f48,3093a37c41ec616ebea0a74356599aa4,,,
,Maiden,0,standing,734c5def576e5ebb32f49b77dbdad478,238fb4bec6d06239b3107b7f975916b8,,,
,Maiden,1,aim,fb004575278488295e432af87ddf1d5d,5d0d3ef51a689e90a376cb1962c79df6,,,
,Maiden,1,cover,464ce731ac540c92234fb2079fae0a05,2ff63dcb5c0e6dabe183ef95a4c3ad28,f6d690e8faba3e99a76e9d759d82b961,,
,Maiden,1,standing,482e5f66f5a2fdb0aabab69943f85ae0,f1bd71d3c98b8326b645c227f1fb88de,,,
,Makima,0,aim,84af5da1fd149ec5fe60abbc680c8fd0,bf77df3f3a25f9989ed2eca0f2e859d1,,,
,Makima,0,cover,629f477f60b4d9e2ea0cee5da023b003,5fe3fe422eeb564b33c4af1d9ccc62bb,381cf1e4eaa71289f3b0b8bfe81ca794,,
,Makima,0,standing,358e0d0e542c4967ef05add9c5e53d49,1837b1e5fc809447d4402e0ccf67eb63,,,
,Makima,1,aim,161efb58cfd047c068e47abc37aa8db8,e6cac19dc5518093fb6edfcfe1e85e20,,,
,Makima,1,cover,ea8ad2d182a9925cb0e2e604f929e51c,fddc3b0324d6b215739489088b542f80,,,
,Makima,1,standing,34c5bce24b198db69b3d1c4f061ed83f,65c3a89ab9695a4dc460d597cbf278b1,,,
,Mana,0,standing,4a17e74216925f9c9977cd853ff76e43,8a9a44ba5f84d3835010712a4a0a9488,,,
,Marian,0,aim,527eb674df4daedc32b9a604555b9342,5d9583f37d3464d455dbe522b91a229e,,,
,Marian,0,cover,0c212a69d630cbbc2bcc209dcc257f3b,2d5484c472dbf0eb5dcd1c3041b3dcfd,,,
,Marian,0,standing,5a5eaf6b85ca9fbf5ddf19f389f9fb2d,10578f67b8239ce8a74cbb882bcd1e5d,,,
,Mary,0,aim,56a222211e8247247f8f65e86a2d78ca,f6491ac99cdaf92febb0677c4459ae4b,,,
,Mary,0,cover,14e4d9f31300fd709539c8312015c224,e493e313a86e7a0fc36cbd119d3c40f4,,,
,Mary,0,standing,99eb5e494b0809ecb769f8b5346b974a,2872cbde2e13d15ad53624d6c8941b2a,,,
,Mast,0,standing,617bba3c2b076fe10a7f22b7a8f2e894,a5c824047f39f84167e2044dbe8afe92,,,
,Maxwell,0,aim,d698149444ca292af7b24f7f8397181c,098775cba6bbb8d3ac7be2893493bd03,,,
,Maxwell,0,cover,d3ce5b55535cabacd9904e4c15173676,9290783c84c16620b5965a3ca865827d,,,
,Maxwell,0,standing,d4039df98e8a93e8f0bd10c21a42373d,d72831060623a7725feb013f82075f95,,,
,Maxwell,1,aim,65beedbadcccf360ad54cc65692bbda3,588dab5db144b8ac7a799eaea0dbae98,,,
,Maxwell,1,cover,8f4983d57f522e94f5e3d72781920aa2,b6383e4c314f38426ebf09c5d7151f12,,,
,Maxwell,1,standing,bb8b1103422c49802ae5ed5d0707678a,f095970dfd29e5b7e6360c2dd3d3401e,,,
,Mica,0,aim,862f821a1b948619a3915a309c0e0529,7ecc7e24634d2cf8cf7ddfb84a905cfb,,,
,Mica,0,cover,2641d04bf6dd0f7bf318cc7d25eccbbd,5d4e80fb753d2db062afac3f73797457,,,
,Mica,0,standing,66b89a7ceee426bb56322ff2494e32e2,917ca8d36ce6c776dc8709b894d2503b,,,
,Mihara,0,aim,eb74801f5aaffd746b562d15fe50bec9,00fab31d1f7d384b78000624dadcb71f,,,
,Mihara,0,cover,a842290b10db2e6874047bf392b95809,9bdb61d1be288c6d3be46ecf12506e2c,,,
,Mihara,0,standing,d9d312afc72ce6b30c3e83ad82c7330e,c38d588c53d679772c011d77bb88b726,,,
,Milk,0,aim,47878ae543b776ce2f935ef399ffe4cd,b5ce836bc3612aa5c037922f63f7983e,,,
,Milk,0,cover,cdfda37a2e7cf13f2e3bcb70dc2c86b5,05efb08672d8bb08cf3aa691f51132a6,,,
,Milk,0,standing,59b84971096f671127fd710b9dda8e8c,bd5a10d76e970921b9735f7a31e539ff,,,
,Milk,1,aim,093ab0e974f9f9345d349f21c3495f88,97dca865e2ba0ebc1270c8c665e577c4,,,
,Milk,1,cover,f40173d211d771b5c64ca9649a5358b9,92a647ea00abef86e0944b48b4c362d6,,,
,Milk,1,standing,917dce16df0bd915c41a5d21cdd70257,8e0c6b70da574eb8b590a7909bb0da96,,,
,,0,aim,7c1ab5c6f836cdf2801c4283f28e7d19,81dbbf2d4416b1adad60f0ff390ce80c,,,
,Miracle Fairy Anne,0,cover,5c34163c7f3e5479ca513cdeda4bdc4a,fd60440397c575a1cc0df14e5abffba8,,,
,Miracle Fairy Anne,0,standing,89eff4c06d2b0ce5d6c99d96d22886ed,70273234a17a957557efda0fd06c1859,,,
,Miranda,0,aim,b375ce09f2fa52e670ac92b2330e3ac5,3e8e98b9572b91cd7d7dfea7889db9e3,,,
,Miranda,0,cover,de81d22b2c2a906fceed2b601ee021f4,acbbabc59f539029b36f931f19a024d1,,,
,Miranda,0,standing,606ce8c1c06106b4ad90e708427d82ea,a024353078ab99eafd7369e3f808e5d3,,,
,Modernia,0,aim,aafbd73acd64c0cb19af602be80b5290,900e677160df66cafb96c849a29d1356,,,
,Modernia,0,cover,21e5d971a821c1207cc2168024239046,4d570dc21174a195c09d45dca71a4e5b,,,
,Modernia,0,standing,950950599021babc5b6cc16e28c87b34,83a345b4e30aedae82f014ec5b7f98ec,,,
,Moran,0,standing,00fd3166d26d72408fbb50ae6332c0f0,0e0ec2fe1100b9b312ee4b1894fd7c60,,,
,Mustang,0,standing,d120d9c9dd5428cc1e2ec3dc03081895,de3ca99afc694c250b8d6cd620bdc818,,,
,N102,0,aim,2130f601413c101ef219b68e821bd6ad,76dd0aa3b2cb33bdcea868e96d69e639,,,
,N102,0,cover,71db83d967aec9698038636507b33902,f6b4165ec43ee961acbc4dc6d90f1138,,,
,N102,0,standing,598c8803d8b4acf51066d5bc9dfc9930,64eaba000f191a54b1af8bb8d534e3b4,,,
,Neon,0,aim,de857862e12f0505178448926969889e,716639794d97dbca302c230e36e2962c,,,
,Neon,0,cover,34ac381e4d0b1760d01d0794d0817915,9d31429dec0af7990b2c4bdd4a0b77e1,,,
,Neon,0,standing,f650e0c2a097bbbb55a071a9eaea50b2,9dc790385edda90b15efe21d316b1916,,,
,Neon,1,aim,3a5df6086d667555346f6b8f847eb843,fc5271613f01f950ecc0588a8fb81a19,,,
,Neon,1,cover,bf11f2cf4fe7cc37928eee5485fba847,b62195d47ef48a4bb54113c67ce5f9dc,,,
,Neon,1,standing,233e17ae3a46843e5f6f05f2f6a1e1d7,34753d0f93b1d95b070b8205494d0b9d,,,
,Nero,0,standing,6bf97e4e4d08c7f142024a6057eebf53,3ae54ad0ac505adc72ec734948e3550b,,,
,Neve,0,aim,50ecdc6df8d4cfe798398db6e0056dfb,a6368c5ec1c03f19ac1aa844eb4b5b56,,,
,Neve,0,cover,365143187191121f86a9e5f47cdb6032,0e4a61108dd3f50465b28ccf7ca5dd49,,,
,Neve,0,standing,346babd11ad2ab3292ca21238042326a,e85d2ac6938ba73da1c3a8cde82262d5,,,
,Nihilister,0,aim,8cbfe607c2ab3842f5700bd8c5989fc5,c38e727085d2ebbfed1c8334433e79b1,3eddfa9a8cc03ddaeda37abbb282d496,,
,Nihilister,0,cover,6fcd3e069b5bd9a5fce5611d3103c0f4,1fa8666b6c8c38d696d70693993cd813,73b3195344872ebaa3ecda5df3a49ef5,,
,Nihilister,0,standing,f7fb6fce12fb2ee509219c54ad0e7e41,93a413470b69a203424a656aa91883e7,,,
,Noah,0,aim,91b78d2f3b102d51f7f7aed86f415b2f,387d4b57d334717ee5669e1c5fc011ba,,,
,Noah,0,cover,f7427ad7b0ee182b418839d101e4d719,07de1f003932b6cf582f03e074ad9ef1,,,
,Noah,0,standing,0c2370a436c36e00fd9cee8b57003e74,10e7623e1e6e89d1067b7d268993dd10,,,
,Noir,0,aim,7337f3cce75888a5d76e0533f7b1be2b,,,,
,Noir,0,cover,6d2012c5b8d49f992660ff95d22d05af,,,,
,Noir,0,standing,bc5028e38d53b69e7ba4163e8e6ed16a,8f2a8d9e66bf7cd60e2c6222e4cd3b11,,,
,Noise,0,aim,9bff7af583e9cf4a859c46820bebd253,cf7555c135e99e8113ba730f599c3778,,,
,Noise,0,cover,eef47ac45109a07a9eb597020b4a2ade,542c4d7d1128c4628b84966ce3e4215a,,,
,Noise,0,standing,14285c03cad961acc657f65bc52c2162,26e58636b666674f4fb14a4207d3e7d0,,,
,Noise,1,aim,a67765bfc9cf4d22d4bbc74cb501ac35,0dd822303e9bd973e2e086bc05e124d9,,,
,Noise,1,cover,344045aeceb58091e7436c645d6b3040,480f7e26c28fd2d640a85131775e6ec8,,,
,Noise,1,standing,49fc7ac2af7ed6f6fdb95453b85e923d,03ffd4299505b3d4974442ddf732ce42,,,
,Novel,0,aim,314a1f27b6d7168a01bc36ad66c54bb6,ad6c4479687ab07c17d2867c1628f558,,,
,Novel,0,cover,e4c3790369b3a64455472fb8d3c9a358,2d0ecfb00efedacc0a5ad187a3251737,,,
,Novel,0,standing,f54a6c20247e79dc44daac0fafe5e2b8,4c815aa6c9b5f8157c7c6ec5f94ef428,,,
,Novel,1,aim,b80d6ed815b58a5ae0292ee85b3c305d,ba88db921876241a2590bab5d66dd2cb,,,
,Novel,1,cover,ad37a68b5e409477a7a44b0b02ec1962,4b71abe716bdcd7b33e17e1c0c45dc76,,,
,Novel,1,standing,e0a339ab52d5e6c0533707904f6f2840,117c9073311c0fe6a3809270bbdc37af,,,
,Papillon,0,standing,0bd30b7c80a3229676fd4751f483a580,26b76e28feea120af7cdcbf4cbc1a95f,,,
,Pepper,0,aim,8c949abf94bbf05561049e3a859264b4,7ba6fbb32039ac37b1eadc2ac65da081,,,
,Pepper,0,cover,c4f8ec4503bd7993e990b849b1834795,7e463c765aa1a80c84c96abed5b0cbe1,,,
,Pepper,0,standing,7e69fc375cdacfa6b2508d0f5eaac1e2,fddc82f657d1352c9b23307b6bda044e,,,
,Pinne,0,standing,9f89844ea6fb5174e62502c25461158d,d35f37dd584c1a5bfdd66962d941193b,,,
,Poli,0,aim,373c3a80d7fa692e9d8f3a9d90e85033,539a7776cc6c3e264f7a344b545aefcb,,,
,Poli,0,cover,5fbbdcf586f8571077ba1405e9e46ef2,143c0fc07fd7e8837f552ccb60a663e5,,,
,Poli,0,standing,768f035520a00188be9358ed8f4dea65,f59f3107088dc91c53dbb10905c7537b,,,
,Poli,1,aim,b2d604213b22c1b2ac1fd9589bfa3eed,2f44206db0468a45042bbe94edc6d66c,,,
,Poli,1,cover,baac32bcd4d2e879147fa6d7150bc2a4,2efd75af89df68b4fd286be204eb026e,,,
,Poli,1,standing,c79cd2a1ffb51958e755d1f7e8e23ad2,8e3ca19a40488fd5f0e11bfd79ed93c0,,,
,Power,0,aim,d0a48fb980e3b476af66568ddfc9953f,f470db1b9695cb2fd8151b20cc033108,,,
,Power,0,cover,94ff20dbc11db508ebbad1dee0e63295,b7a01bc621fc4b14dbf41e9e2b16fd14,,,
,Power,0,standing,5281dcb3052b95d1335c2b5e9f295d82,05d6cae157e5bdc0066e7f291f8178db,e402c03552f6397e3138b828a84d638a,,
,Privaty,0,aim,608c562574d00e8978a204c43486928d,f34f4ed56e61b878b954d49bb712dccb,,,
,Privaty,0,cover,a618a42f5c08217242c3feba3d901586,2a04f0b359c4f9c7edce78f3a47d618d,,,
,Privaty,0,standing,3283ef240df38691dbb405785b2125c3,c3ada8caa41f5293b5f40987903ac35e,,,
,Privaty,1,aim,399b0857c1ce05eeb4f939b1ca7512dd,d827ef079db58eb1f7b8eb1a395a78b9,,,
,Privaty,1,cover,f92485ae01738bf373271c241a93302b,56c6fb0f6d614dcd29e3b0640d25e784,,,
,Privaty,1,standing,31e4634751108a72814a4150652f7928,d056eca5850fca946e88776c20bb03b9,,,
,Product 08,0,aim,3498900f7eacfb7c87ba3a11cdab584e,9c4e4f8e339800b1f8cbca252d5df794,,,
,Product 08,0,cover,10e79a9395e281503a8ca1be9031a821,017780a761b3efd9d0d15d354bedfa8d,,,
,Product 08,0,standing,2198c48730abc5be6fac20ae4968ed28,5b780fb7d6f6ae8d8f1cdc9952df5b54,,,
,Product 12,0,aim,2c5a3faeda95fd445520462a00dbcece,eb2a7d39a413ddc29702fdf998c5ad75,,,
,Product 12,0,cover,15349324bcb60308e87f8effd8a977d0,dbb67989c564b6e70c0d65461787c5f5,,,
,Product 12,0,standing,f09de50b7c7fa5662a96ae3bf03abfa9,4f2e9bae597f4a7d04e1eae3e2811d00,,,
,Product 23,0,aim,7e8bfc9bd0150530e7f87a00456e73fe,8bff99e09ea1e0ca4eeb5fda4f3777c5,,,
,Product 23,0,cover,02310e7b0a532ec0b8f73b621de3124d,c17e70ba5b44e48b5087605b86517b09,,,
,Product 23,0,standing,6dd6a030bfcfa2fb4f059c4a49606173,399a240987e17327b7eb72940b6b5af3,,,
,Quency,0,aim,042b6efcbab77024054be9c84195717f,60dc2e2f21236015e14ddc23859508b0,,,
,Quency,0,cover,5514f49fe78c7b6e40f690a025061a8f,732cd46acbefd60ac0d83b91f5b6c588,,,
,Quency,0,standing,d960cfe518a039f409533cacaf473e86,160dfb14aca1933a1b7a07e56765c6d6,,,
,Rapi,0,aim,2cf191bf5f7c03420b8e19bf0fc0cb31,8bbe10ab1564263eab010ea4b3ba00a5,,,
,Rapi,0,cover,86be40ff2f22266549c6e7ac8e0a968a,81b55acdac2fe1e247a5557d9d990771,,,
,Rapi,0,standing,96bff99c9af909f9d626205f3712a6c2,b2ff63b5b8e3bd83e668e893b5cc8118,,,
,Rapi,1,aim,f5aba4112b163e71d7f28f973b776c4b,c7b236cc06fd5c8d4c740aee9c462a21,,,
,Rapi,1,cover,40f64e90d12993bf4a02668f8f5c08cd,6cafe23933b70c569b73a01833dc3b60,11f65c43c00da42a99cea257bfa77fae,,
,Rapi,1,standing,e5388d0b559dea961bbac8db86cb255e,1b38801c538140725383fde90ddb0a0e,455551660d04d7d3eda06e6eb3bb485d,,
,Rapunzel,0,aim,fa42f14369f9c0713afc9fb9cea00491,3365fc68aa37148dac7862b0b539f222,,,
,Rapunzel,0,cover,08c32afc45cec47b18fcb92a80e6ca6d,a099c7ae0e92c4939a747fac7e6e66fb,,,
,Rapunzel,0,standing,281dc0bb27d1cc4334fd49ae23cd8688,daf20beb379f8cec826c1f9a340e59fe,,,
,Rei,0,aim,eda90c1b784eb784c1c7c16edff50169,bc379407011d2a82aac61bc578332721,,,
,Rei,0,cover,07dd9a09fe2e647f11cd723a944c62c1,4d04e84400d61229e5129df19155ec33,,,
,Rei,0,standing,4a8b3310c9fed1f262819fc016363c9a,b9c07be16d9973957e7133f953110493,,,
,Rian,0,standing,3b0b235af093b7237407408f4ee59812,ea875935334b7191f818deec208165fe,,,
,Rosanna,0,aim,587f69a9606e4864080716fbce0a0f50,,,,
,Rosanna,0,cover,6c95c9e40561211806852bc8971c923e,,,,
,Rosanna,0,standing,a2668dacf50bf853748a6130e29918bb,1331303acd58a78ea3800f4bb82b5edd,,,
,Rouge,0,standing,e0fd58f9b5025e977ef785b6f96d6fcd,,,,
,Rumani,0,standing,0e6b1f99ca5ffbe10f2ac5da8a24524c,3f0b8284dbb58ccbc933c497bfa8c6cc,,,
,Rupee,0,aim,ba937bb3f0193a8b211ee500935e42c5,06fe39b1a39a4c97fce023b25fdd222c,,,
,Rupee,0,cover,38ca27121fbcf0c0e97bb5cfd42e9ed4,91c411ad267a63d612cf3f7f3ffd1353,,,
,Rupee,0,standing,4a783e5517f1de1546cf5ef6bbcc73c7,32ee4e004e38f914bf3374a2df5d9525,,,
,Rupee,1,aim,2a6fc542bd0ac55250bd55698e6470a3,,,,
,Rupee,1,cover,a5c77ea3bee1a198c0aa3220f7cb940a,,,,
,Rupee,1,standing,ad85b3e07e8d8e7b9b47bacc24f258ae,,,,
,Sakura,0,aim,a747634e6225d361915fab7694f3adc2,7cd6b174bdb063bb9f614d1c57933de2,,,
,Sakura,0,cover,3f7b6543b8286390e58dd2a53ed5a7ad,cd452d1cc67909ff8864b688d7ed39ee,,,
,Sakura,0,standing,bc0e8b94c02252d4c4da440a1e880760,9c49be45cf44a88b35ac8834599fd00a,,,
,Sakura,1,aim,c2895ac3797e2b00434c06b50fecaa8b,,,,
,Sakura,1,cover,44939b4acb771af7f36ef374b5864d80,,,,
,Sakura,1,standing,dc2daec67397c132b3e631ea6b197c9f,,,,
,Scarlet,0,aim,bbb8eac24a1f3588205f93223757ccf2,5839f460012973d6aa7a3d5e5cb32f5d,,,
,Scarlet,0,cover,acf9bda8bf152d86adfeb9a241c4eb09,56f3e49afe399a99782f94ef31bf7583,,,
,Scarlet,0,standing,cb29695499b41d6c4d18a90498e8c5e9,88a46758fbab702f1f1262dec3362fbe,,,
,Shifty,0,aim,508302b9406d0c480681d9e3a3aa8fa3,b627d59c358c6735cbc59f23857535aa,67c44fd450746d87820a1bd67b1e18ed,,
,Shifty,0,cover,35f14028fcc45d370d66229ef95f05f7,4d2abad06f57bcc70dd0e0a17bf43c64,,,
,Shifty,0,standing,5ab46a8c3ea1e5d9f4239a4fd68b43d1,a236a4da4269fe0f7bf74b51a933c230,,,
,Signal,0,aim,8a5abfc9bb746c568f612cba8e41cda9,d23a16844d925a15580ffa3fca1d5953,,,
,Signal,0,cover,c304ff0eb64c97ffed4196751dbd1e0f,7832484c39f357f6ec98696c0ae1c3c8,,,
,Signal,0,standing,b0fdd4461d45b5420e84a6d2e36ccbe1,a12766bfaa25fa65a77ed18c4376e2c6,,,
,Signal,1,aim,ffcd843a9b96ab99d79cfe6f589eea0d,45aa391958d7493a779d6bfb11cb6f8d,,,
,Signal,1,cover,118e44a60527eeea55f6467f5518b49e,a0638f684699c01dd03cfa684fcb3e16,,,
,Signal,1,standing,b76629252703a64465a6e38b008da2e5,70dbb4d67bab6ce037134a2348fe069f,,,
,Sin,0,aim,1dd1bab6e86929612be684c50303d1ee,b4e74696ed38d14118bf43b61b9e7429,,,
,Sin,0,cover,c5bc09fe668638e0a5020517953afe72,745a13cd40ccb9fe924dbea285891133,,,
,Sin,0,standing,9e7d3fe5be054a167dff3cdee1c38cf6,51e88bf90cd0dd061540bc83a5d46cc0,,,
,Snow White,0,aim,43fff60a1cc321e2994a0f2f92e48a9f,cdf4b7b33a79ff13c6417a792938af80,,,
,Snow White,0,cover,ee7cf477233839050cb34ab4c09de640,2f0c9b9376ef28da9689518ede9e304f,,,
,Snow White,0,standing,d7dfc440f5f4255e44fc7b376b0f3688,f68b86a959bf857976fb62a257504bbb,,,
,Soda,0,aim,2abac46665405388850ff7d7e9fec4ab,e69cca53541e8c21a31161789975c1b9,,,
,Soda,0,cover,6643dfb3538abb2b7b8585b1d8072efc,52c98c0d0728842b2ab9f9149a6ce191,,,
,Soda,0,standing,8a86885542ab279c5b981c3db540260d,7e49e6be4a108d047f96a8da16c1092d,,,
,Soldier EG,0,aim,8b2b81b0bf0628abff2166c4a52294a6,aa95289da59d4d08f1b32b78da547e8e,,,
,Soldier EG,0,cover,6ac15d5ccaff8e58b7bf616201e9a61f,b522728b150cba9feb9178f77af5e1b0,,,
,Soldier EG,0,standing,8e25f3f80366d5fb44acf4651214139f,d2065a271b0921713ceb1511960ebb86,,,
,Soldier FA,0,aim,f94b405d94be1eb6196c7ceadaad4598,d2a6f335983cefe4f5fe09e9e00fac35,,,
,Soldier FA,0,cover,f8720ebc1d92574bc9fa6f931674b599,395ccdd8314fc1c6c197ce5e3c7b2758,,,
,Soldier FA,0,standing,55803eddbcb97997344ba268155a8075,a77f61953225a55ff076d0c74f4b93cb,,,
,Soldier OW,0,aim,aecfd40c762ae334c93adefdab6891b8,ee0eacc188b00c4926b9c77d33cc26dd,,,
,Soldier OW,0,cover,52573c03ca3e2a8d17c878e8db8dc890,7848e0dbbada77c3d55c1f5e0974a008,,,
,Soldier OW,0,standing,a8ad32b6ba6531e069becb4d01cb97e1,a6f298694287d18b9b3249d6970ca61d,,,
,Soline,0,aim,c39895a81ba9793a1eef151cce870884,a5496fee7864c20792f89caeb7bfe50d,,,
,Soline,0,cover,1203eb2c25dc57ff47aa14342bb68166,ca099bac1eddd205f07ff456f720f9a8,,,
,Soline,0,standing,33602a5d9f8d7b7614a1889a454f1954,5e0cac86b42373dc7b29fa16f4e4b924,,,
,Sugar,0,aim,10e36d8c97d15cfea313e100fd8fae09,2a8e783cbe0e058372ef05c2bad1959d,,,
,Sugar,0,cover,b29e96ee71be1fa76def88dc9e22f274,627990cc1b58cd7f999a3b8b462cd5ca,,,
,Sugar,0,standing,2a8f798aa82af86ec380da137cfd304b,b5c577936e5e6e755ac7a5c740f38431,,,
,Sugar,1,aim,55eef836a9c0d6d14a6447bd4ce353d3,13b039278d6b95e6e9c0410abfd17295,,,
,Sugar,1,cover,cdf15b733f79420581cf178b84e5c654,ab149ae6197705ed0272f33a10199d1f,,,
,Sugar,1,standing,1ab57e115c45714cff1aab2d8bc71cf8,003152e3ecd4d6c74895dc41726d9bcd,,,
,Syuen,0,standing,c4547a1bc56e4b1323e9e80d287703b2,d03f7ac63de2a48886b6d26eeec8d88c,,,
,Vesti,0,aim,55f1bb0d0e5e38c61cf03a89b5320d13,5b2226ae9523aa2a3913a6c60f3af09d,,,
,Vesti,0,cover,f27e0e20631d9648969399105a24bea3,258d8a97a4a3ad8218687ef44755fee0,,,
,Vesti,0,standing,e4da02e29b50a16dd7ed3d8d3c18cb14,403a6b5b9c6d3efc30fda2ffdffe9eab,,,
,Viper,0,aim,f92e2365a49ac5c89723f8f4754c9b9d,cbb4d585957417e50760a85a9b8083a1,,,
,Viper,0,cover,fde3e0fbe2f0cda905a90e43dffeb644,a45848bf7e9283c91b732ae93348b6f3,,,
,Viper,0,standing,1290beb9a8d017099ac34bf3e500dfce,48b8a8a531044e191a0cb3be8cd07469,,,
,Viper,1,aim,f90813f51afe6ea6fe38c52f8a7eef35,89fbc847108da6c609469ee327e53a80,,,
,Viper,1,cover,8cbc19474f043c3752511d09aecf6801,29ae23f0a87def49ede0d92042ccaa76,,,
,Viper,1,standing,7da11a6099f4a861914aa7552553db6b,6cde2e1fe0ef6055fe071cf25036f2bc,,,
,Volume,0,aim,80c30c7c1aa4c92601de362d9cad281d,5c89f5c825f22bde9be94f809c97121c,,,
,Volume,0,cover,4660c483cc3a2b7a5b955a28fe02455c,332f34576454d98650e7b2bad2591fd6,099d5c55663761ef5548f73aff31821a,,
,Volume,0,standing,0cfec719cb5f35de3736c7c1c18724a2,c6ab9246cd13fd4387ef868203f2bfda,,,
,Winter Shopper Rupee,0,aim,ce5ee8cebaa052acb3e7e98301dd80ec,c8757e3761ab47ee1e8e65de7e7b6761,,,
,Winter Shopper Rupee,0,cover,9fe6997ad55692ca8960b579ddeec84d,9293239229c4455cd7a4ac5046024773,,,
,Winter Shopper Rupee,0,standing,d49e4264a1840b74053c9c4e60f40a86,8aea7b38ea199c9d25d5c9e2f0de2b0e,,,
,Yan,0,aim,3dddbdb24a2234983b254aa71bb4bf86,db40426a8d3b7b87b1da37a53402c4b2,,,
,Yan,0,cover,f3c6ecff0d657c4b9d4d9777cfb09e88,19304fc92fd8892dd7a1dd58c437537a,,,
,Yan,0,standing,44f1b175e6b9a146fe92c8139ab0ef3b,bd7a25fc2bf6d1d790c8e4018398bb01,,,
,Yulha,0,aim,3d73808a4590f7c412b90104ae37bcf1,73d0a723c13ab01d250fcf08a37b39be,,,
,Yulha,0,cover,69b4d6498b8f4b3bbceb06a0875479b4,54a230e500d36b98d4d54e58a51db7b5,,,
,Yulha,0,standing,2f4c3fcfc2a6917a89efcd096ab406ff,b248eebfabba7486db432f0d73c10321,,,
,Yuni,0,aim,0892b10966f55d8aca7afd5983bd0bd2,7ce57a88542da263ae85c3b11a9484d4,,,
,Yuni,0,cover,b4aecaf9e2ecb524635abe8406c903ba,ac8312ae2c4871217a299514e91829d6,,,
,Yuni,0,standing,d2b56bf8cf7838eec027c3bbfeec8e00,7f71039379c69946d1c55ab022703957,,,
,Yuni,1,aim,f74ee34c17b5e37972b7543bbc7a95f4,b39e85e644511f5b2dd31868327dc84f,,,
,Yuni,1,cover,75261836f7030bb69acc11e7621628ce,7cc89f53c55637cdeae32dd77314c8a2,,,
,Yuni,1,standing,60b2bd2d6d25e594dfd707dc2555a2f4,0babbb14272ae88ab10e233cc0ae3416,,,
,Zwei,0,standing,5ae2aaa0c7a2d7170eb4721c253624fe,b7bb2595462bc21f7b3cfe2596787997,,,