,,,,,,,
,Updated on: 18th May 2023,,,,,,
,,,,,,,
,These are the filenames for PC. Switch to the Android + iOS filenames using the buttons at the bottom if thats what you need.,,,,,,
,,,,,,,
,Character Name,Skin version,Model pose,Current filename,Old filename,,
,Admi,0,aim,7081c1bbcbdf1ff6302eb8e8c4229c0b,321a98236550be086b8a855c37ab1278,,
,Admi,0,cover,e787f69a4d74f7f637de8f121c2853ed,8896be3d911459fde708017f05481f0d,,Newly added files
,Admi,0,standing,0a3d7c87b374f9187589d8a8003c2b8c,95191ad41aa32263ec3f6a7277c46863,,
,Aid,0,standing,92384086561bc630fcccfa02164a4932,5a2ded308ee47158a9b3c35db2c0c9be,,
,Aki,0,standing,966257dad2bfd426df3f6560f6d24a42,d2ee74d19e067f6f3848df12db9a1f16,,Files that got renamed
,Alice,0,aim,c5b731acbfe0deedd8b4d5b78998daba,b3d1ad721e36a86c907090c980353654,,
,Alice,0,cover,1dce5a8bf608a0c7f8c02298460cdf6e,b89462c0a3ba4ded1b49d482b5bb8c8f,,
,Alice,0,standing,6451c96e3ac128e60d7902446ea52881,9199b8526f00be1f8d1b05a6eb5221e6,,
,Alice,1,aim,9068ce377b1f6b5eb9da6ca642bac2b2,2c83c4d883055e3276b8d9c526f26d10,,
,Alice,1,cover,cdb5ae6c10cee0aa2447aae0d5516547,b97fb80e45bca9539564cfcbb432df86,,
,Alice,1,standing,cc18c5db8af04673eb62f31e81b6dcfd,cdc54a83de2ce82191fd33cae5085e51,,
,Anchor,0,standing,3d9814d4c33db8ee8a019eee44aecb01,9fcb59eea6d3951f02ccdaac3fc54dd1,,
,Andersen,0,standing,e7e9a3a24961c855105d384054df4133,0ae09456c7b0e1db963da5a51879de79,,
,Andersen,1,standing,4a82f7d643c5f56f3ce334b436ec52fd,ff39135cbbde79c6c5a330e3624e1ba4,,
,Anis,0,aim,25b27f6975bb339b8b10b69e6580069c,b0c8a0ac4fae4694350792f9a5d25165,,
,Anis,0,cover,3bd1b63e740dfecdd716ec99f36109a4,d1184fe5ef8e3de542c63a48e93c49fa,,
,Anis,0,standing,1d369628dc6e7eb1eb0535048f321b51,afd042813260fe9bf2fd830f8f2bda90,,
,Aria,0,aim,046cb86754ac2bd6d94845763ef4baca,c6abcf0e8d916da60a470975347b649a,,
,Aria,0,cover,c3c0b9da2b7d4e9b661f9325a3cc9c6f,bc3318eb0f096220d63ca9a8a4a2058d,,
,Aria,0,standing,7537f66f9ba8d46d6ae35072b9a970f8,306e16331e4cf5a000033fdc5987e8e3,,
,Belorta,0,aim,8d3919d8075fbc11a30ee99f3d4cf08c,4702d834f118af1437220e5b8dc39f29,,
,Belorta,0,cover,918e88b8ec3e1ff1c8a3117d0cd0a4c9,b8830d235a6a7cc198acad61a0d77c72,,
,Belorta,0,standing,12f3cd43d84f7c7e45ecd6bb6a7c4f45,26ed60fdfaf58aad2921e7de1d5779ae,,
,Biscuit,0,aim,b24f3ad4596989ad01f127c0d673bda9,6eaa44669cbb7f13b474536196c80a87,,
,Biscuit,0,cover,6dced96e87ec7de14d129977c6c6d58e,208fde2574ec61cb839550efbfa1e9a4,,
,Biscuit,0,standing,b5f2161b806f9a246fd14c5feceb14f6,ffb3f1a531a9e77c613839d2da28937f,,
,Blanc,0,aim,f59fe914f29df3c9598bc0c6615c9b64,,,
,Blanc,0,cover,f0a1fc2d92f144adc3ae580c8bad3c3b,,,
,Blanc,0,standing,aaf35e969e02963f716856d0bd2222df,"4871245c458754737e7c615ff3257d7f",,
,Brid,0,aim,3acbbab2f14b1823b21a4cb7ff4bc9c4,236fcb4c4b6b81707d753295d6131fbc,,
,Brid,0,cover,92682d83d6e8200b0d53f6926e46312f,ab513ddaaaf03bd35d29a4c24bed4007,,
,Brid,0,standing,ed229f32c86075e646e4f964a6afaedc,4b063c503fe8e9b2aa63fe8451836f86,,
,Brid,1,aim,f8035fb31f92f5c6ab97e435ec4e35b7,4d5530ea2867e566881736d44dae8b78,,
,Brid,1,cover,e60cd9e983405b4800e3a61ceb7a2eae,338499f089f4b443bb7c1c25b5897388,,
,Brid,1,standing,a2bace338ecccdee56c220c621b2ab01,6aeeef1cac319fab28d62e101d2e0b9e,,
,Cecil,0,standing,328b01a479105fa3a457eb0ef14d3da9,d5f543a2be80034746991a0e211300f1,,
,Centi,0,aim,95e28edc5a0f0ef6a0f6859a6b97a84b,c08d97d8f6e54b768c845e1ba17bd879,,
,Centi,0,cover,2c815c11d0273852c3af623988633520,0650ec989e19a7dab55d521c3c8abec0,,
,Centi,0,standing,3c5e201b868a4b32edea44d707ea9912,ade1718ab57b0716c4ed344595018733,,
,Centi,1,aim,6e6bdb4395b9c0a8e811a71fbef591cd,168ad037133718caaace78ac9728b0c8,,
,Centi,1,cover,266024ca027d45c2822da4f622121e56,9484ca327b591fc611a393a1717772e3,,
,Centi,1,standing,ed203e3ad5a41ef83e6e59938a0bda11,85f7ec238ab2fe008442f1f8605beb76,,
,Cocoa,0,aim,1a9b1cfaa869acfce00c94c3ea1f4ef9,eb9fe4c7ccc828fcc301152a94d1d245,,
,Cocoa,0,cover,1778966ce35e61641c77319db1a916ec,0edd5f4ff2500467611f5f3b97bce602,,
,Cocoa,0,standing,e276b86b58dbe9ede5be98560f6fb351,6bc69889efd82d2e4ed0235be55fc6f0,,
,Crow,0,aim,f10b582e7d5842be077b649eb2f56750,304cb67ec3ef34e1e9c265b371a349d4,,
,Crow,0,cover,d6d63efeff53a3f2c142ec6fa9629432,fb04968c50a9e198f291563355f209c3,,
,Crow,0,standing,df4e650ca6f2b71125eb530b195ba1a4,571e17f42352d30a95b80928acda7d8b,,
,D,0,aim,94ea2d12a1c1e7a6ef005de91e3913f7,97e97efd3b5cddf19e35890f723c4f1b,,
,D,0,cover,72816accf5bb3e226c1ca56920daceb9,98d7b94d5bd990bd2f44f20c99002731,,
,D,0,standing,eb7264591b3a8fbfe0c84314cb5b6595,896cbe0860d56318abdc0d427dd66f13,,
,Delta,0,aim,3cd24ba91825ace704e6a3f0d9f421fa,337384da4f31347333b2cdfd1b8312cd,,
,Delta,0,cover,c1b5cea2cd3e05008bacc6b55b1bc948,1d1d61bb05ed079b5f448ed65fcf47f4,,
,Delta,0,standing,00431670ed7694a85f21ca3c23d9df07,da8c2f6a179d9db178f18f07be017931,,
,Denji,0,standing,42558bef7c561c9bc7b7b4af0a248068,c04e0f1709838c6769fd3fc18f42cdd5,,
,Diesel,0,aim,dbbb76b3f11dd6714b80ddd5c030d44c,ee4d63307dd3ea6f992f7f114dac9aaf,,
,Diesel,0,cover,cff5c70a2107a18cfc5d462b234361e2,ceb2773bfcc910160d69836ac421938a,,
,Diesel,0,standing,32ec8f1fd115ed404b5a61de6de62d7c,dfcfe34f43e3eb2c8e191c515a04f919,,
,Diesel,2,aim,60a995b56663587867c0810623d7324e,4f0ad045918581570ef29f22812c572d,,
,Diesel,2,cover,0bc01b85914fcebac935f99efcc0f3b3,5f240c9b56e46ba888ef9351cada03d8,,
,Diesel,2,standing,80e1d92ba29a0e52564d06e2ece262e5,146321d433027fca7dbe1a0651947133,,
,Dolla,0,aim,4221646b361aa68863aa9420e443553f,57ee4fc8076bf147381967035bb96ce0,,
,Dolla,0,cover,3cab94a688d8c3cc217d8d288629570f,3cfcbbf32b9e7a7a0f523a143b1bf263,,
,Dolla,0,standing,4722fddf66885d03b5eb4e951a2f8b7d,d6a379ea385527ca84752af726b52759,,
,Dolla,1,aim,a6cdadd28d91b938392f0246241c9dea,6a7be23cb4877ca1e50b4295f5e5ffe2,,
,Dolla,1,cover,2288397c833427909dccdc7342ccc550,04de492eab2f0be31020acbeea6f4c5a,,
,Dolla,1,standing,84a3a5439a564facd901a8cf6be43b31,7c2e1af609df3676fc93e6c604bbef4f,,
,Dorothy,0,aim,fe7630ec23afbf9ba9d67cc2ebefc36b,ccc3cc11ffa98f0e9021f9cd8400607d,,
,Dorothy,0,cover,d810a7fedcb5a33d0a09057d8e530ce6,54090ab9f6f23aba90a759b93f3f28e4,,
,Dorothy,0,standing,8a289b9bc3620dbe09548267b5b6bee5,df0afc3f433836cabb4d35c7ef8ab448,,
,Drake,0,aim,8f05fb0c352080203821b67852b29220,8030c89f1c23554bcb1e626bc7a7ea20,,
,Drake,0,cover,5d9b5aed0486b7ee56a177ea68182808,b9e78343093ca268df8ad42a36978a9a,,
,Drake,0,standing,12e52021b33262fadc2b0222489b45d2,3259884d8466fbcad69d5189c14db07f,,
,E.H,0,standing,eb6371172264097fd4cda8ed4fca6b36,2b056485cb96c66c50c4f1247df5510b,,
,Ein,0,standing,4d7a86f19cc06f3dc3dec9cac9e8342c,f992a264f3a27e5cf357943e6402bf15,,
,Einkk,0,standing,472c5818b3ae93cf00a15e607f830703,4d43a30b5a8e945195b824602019fd2e,,
,Emma,0,aim,348d2e6cad309bd6beb23bd02f428934,d3b1f8bb6f9616e828585e355611f9d3,,
,Emma,0,cover,f8b978ddc1736919f5ba5dd4f242db47,4391d1fcc94afbcd7d6ee3acb9efa66d,,
,Emma,0,standing,7a872656b1583df8b33c32643a89155d,abb706003c0b4b10b1f08b81c309a6fe,,
,Emma,1,aim,0b118945fb202c6e8e65301ac617e268,d7782cfa88357fdecc12c29eb10615d0,,
,Emma,1,cover,7e72d7888766bdceb4272a8fa3534204,9aa6743048839c9d460b5f67b040f193,,
,Emma,1,standing,a179c39c1487ddd5f1178fc3f80e8de9,950ac122ec8eea7fca22202e959c4336,,
,Emma,2,aim,15d96f04684f75c8b99dad067e9913ff,,,
,Emma,2,cover,15e22e76a30c4a28bd2491f457e0c6a4,,,
,Emma,2,standing,1b04370a9d63caa69bd6d26528064dce,,,
,Enikk,0,standing,6d19431a5270d9a6d0f3f5787bab5c0a,9d8c57d2147d79198d653c7ab4d85e35,,
,Epinel,0,aim,f8d98370ea0c7e3f45a63361a0788cac,03870210e6484333ee3f8405be932bc8,,
,Epinel,0,cover,ac71fb18bf79c7658ade92c034dd8339,30466e2ac1586dc2396d9eff1f67ac51,,
,Epinel,0,standing,a4e9fa7836fbb06c9091dc05f6bee068,eec3f361f6601a4f712d5937c846e464,,
,Ether,0,aim,c1791773ecf9ca1363dab2e14c7f152a,51a84b5ebe74bfa4651e31687b3429fa,,
,Ether,0,cover,d2af28ad523a2011391668310a3f617f,b9fe8c639a5d002788f19fea9d228097,,
,Ether,0,standing,e34984fc5b88dc6f1f38b2d5ac22daba,10c1f66dcd0a142b418e50bc02c75b23,,
,Eunhwa,0,aim,4c72a2733f731ce9db4771b106bb8708,094d06cddf8edace6bb1d7e1c277bd43,,
,Eunhwa,0,cover,b13973e35075123bd41a9af1128f6d0f,ef2814fa0228c2ded8138adf7664c396,,
,Eunhwa,0,standing,da8f416dc9dc5144253dd543281d45ff,b06bd2fee4d9cb31908db297c04fb091,,
,Exia,0,aim,41c369e6390dbdafbeda445d4d57bf5b,75fe9dabe8431f06b6671b03bb19ed42,,
,Exia,0,cover,8d176b782cd58e4a3181c4af2414a031,3d86f40bc245fc05eb64aa6c66614220,,
,Exia,0,standing,450056b5c9b908bacca0eac8db3afb35,30ee4556c5a8173eded2a396a6d6a85b,,
,Exia,1,aim,422e6ce50874f568e11e15df823feb32,27ba6891ea63b427c3a57e2831a3567f,,
,Exia,1,cover,ddda2137cfc97ddb81a4282bfecc1a19,551420bf5f986194e95f13a95ec51644,,
,Exia,1,standing,4806a68854c5e7866673d9fab1c575a0,2136d37d590b14b11806a4fef721f37e,,
,Folkwang,0,aim,4a87726e9c08b410de9a67e95ab7ca08,f82371c074845edf727ed77e533d931f,,
,Folkwang,0,cover,e35ad927957af3481e707e65466bf09a,c0eca67506f641a554f6af7a610e73fd,,
,Folkwang,0,standing,c106873a37a77ecdbe1c94830ba02095,fd4c0094eb0b8c550e21f125a4f3495c,,
,Frima,0,aim,722d574fd3a4e2eb0357c7dd30d695b9,b177a5fb18b5aa24320331e1b291f3f3,,
,Frima,0,cover,6ea75e20e8d1aa1df96fa68e0d6b37e3,bd52df2bcfac2106b08f187e4536fe8b,,
,Frima,0,standing,033047d93806ea5a36802f7be627697c,7558a2ad59ad458ed22f245038a92e93,,
,Guillotine,0,aim,319d32324405ccd518520cfc15ff7519,04d06ea99706c3b0569cde2ffd0dab82,,
,Guillotine,0,cover,74257cb4747ea9db8c53536573d5a4dc,cd7f1154e12dde4c30de7356d86878f9,,
,Guillotine,0,standing,5fc4ed4e446d4f00995a50fa630b6836,858013f41eaf72efdafd4ea51348346a,,
,Guilty,0,aim,3a8bd1fbb1a720a1512d1e393590f979,2f09dd3804e678902a6598bf6cdc88db,,
,Guilty,0,cover,89b8273e4fe439a854da7f7278e7d4a8,9613d1e665a21e98d4090ec6b6b03198,,
,Guilty,0,standing,83bcab6f8d2b14e5ab562d45f6b79ee0,8e8204560e610aa75a0653eafa5a5ebf,,
,Harran,0,aim,c992f242e8889c04b405f73d046bf6f4,6c19917ac0b341dfeaf0f4e2683e4436,,
,Harran,0,cover,c33f4d005df86276ff1c858ab038ec80,5fdbe99017507ba6bc0e6fa568816120,,
,Harran,0,standing,f98643c4a1f22b1796a000bd2dc6d583,44cad3aaae096a16f92b67645c1c9d77,,
,Helm,0,aim,7e5535da79e1d1908c8635b9196983f0,ae5bb8421341199155bb23a4e02129e0,,
,Helm,0,cover,d93f7a857204ea8221c46b417e7a2589,ddde86493808dafc26b53a285dd4a9c6,,
,Helm,0,standing,fe7044ddbed212ddbd1333f50b86d39e,939f96dc0e623439b6dc16819e0d0368,,
,Helm,1,aim,2c4b52012a1ae72806319877adbf6bb7,ecfca14b9119ace307213a0f2de3aa02,,
,Helm,1,cover,7e4d8ad71daa3b948530a7ead9bf3239,41237de52337e964e3771f0444eb68e9,,
,Helm,1,standing,900b3bc6283e39e9237947d16492c468,b9668d111132b2526614abf9eacc42f0,,
,Himeno,0,aim,96aa38f092dddb5476b7d849e77075dd,c981cb2eb071de12174117313de552ec,,
,Himeno,0,cover,af2297bfcd89a0f8fb5638ed0c00a08b,2fb4565459c199835915b41d10f5a1d3,,
,Himeno,0,standing,d376f5cf495521bf22d6eb0648d2fa94,3dd36bcf6c7db5619b41bb417e227f1d,,
,iDoll Flower,0,aim,0bdd5fc045b214c05b86a424215c37f1,0fe8f18e93d1c0c99a02879b22bb27ee,,
,iDoll Flower,0,cover,907c96d918ab292bbd5f23acd8b34d96,796155fabdb41e492d7d1e0d798e0b98,,
,iDoll Flower,0,standing,3737d86103373b360026083ad8ea7c48,acac404b49ff1876d24d4ef7b6ac220b,,
,iDoll Ocean,0,aim,3e23399825bdb6f41bac128a2680584d,b15d8e1e649e9183ace296d2ad8fcea0,,
,iDoll Ocean,0,cover,b8e469bceca23cec603f85ba73ac7fdc,25b447cbbc262f3918290acd9f95f642,,
,iDoll Ocean,0,standing,0eb43466e17bb1054b6f98370506ce56,135f4c93d360d0fd8e290a6e6ae0e5b2,,
,iDoll Sun,0,aim,04ceeb7e953bdb858cdf4d0ede3d75c6,c2cb52c8a9058120f56d71ff57686ecf,,
,iDoll Sun,0,cover,9534e37899aa8f0f60387f8b79954212,9f574df389e592e05ae4eda44e1f5660,,
,iDoll Sun,0,standing,9de97ae99032a9af64d85b5061ec977b,daf0a6f4488819701497bbb57a08740d,,
,Ingrid,0,standing,2b240a52fcf4a04b548f8a97b02e2f02,4cf3ccbcf6f71e37324429d097036289,,
,Isabel,0,aim,01df049ec3f531f60b67a6d26e357493,e8ea23a582300e77adb063baf7020ae3,,
,Isabel,0,cover,cd581aac49a096228bfc9c8d484cb8a2,bdca826c59be99aa057e3f3818d97764,,
,Isabel,0,standing,f45ad6f5723584a8fe524ca99b6a76ac,f11ca9dec8afb0b399f62371fe7cf0d5,,
,Jackal,0,aim,66e33b9cb5378a1ff97a070ac6d9a744,af6dcd3671fff1bdba98bd66bca5798d,,
,Jackal,0,cover,288ba80255f73f2568995ffa87cecdd2,37f20df2c2d16d63e0ec3bf356bd59c7,,
,Jackal,0,standing,8a756200a709764a6f38ea8596950eb0,f7c0a0e6024f0e82823d566c2c991abc,,
,Julia,0,aim,ff2c8761e8f45338827f757a4c80e5af,00a5b6a3b6ff4b06e74151482f60f3b2,,
,Julia,0,cover,609f2af2ef17034de53976c86bbc1191,4b08981c10da601e0b68029a6127d160,,
,Julia,0,standing,11ad35c8a3db2bf0edca33ae75a4b5a0,ed20d1fa68e66ff097d703dc0cf545e6,,
,Julia,1,aim,9c45a9189d9e523d958ca85b945c7bba,6a25858c8e896ca7736c69d5e45e4461,,
,Julia,1,cover,61a8ce59f622957029d2238bc2dcac95,82f47551f1b8d06e23b393acf7b639cd,,
,Julia,1,standing,1a080f851934ddd3789b5dab260c2f4a,30f1e1374b308b3499ab6397dfdebe5c,,
,K,0,aim,9dd9b5db342a70ba53ab8c9c77ac3443,eaa2a22605e59e4c1eff603d2fa377d0,,
,K,0,cover,a5817ea546f9f55a49a48fc81beb48af,3dd55a8f23175a1e82a9c104e8e04bad,,
,K,0,standing,2d59af6bee57f54ae2b0fa3ed0c89c5c,e8c84773ae00f71ad7f6e1dcf0e89616,,
,Laplace,0,aim,5908156202b45c645c1c8eca112e1b93,807619531f37d6c573fb9596501679ae,,
,Laplace,0,cover,13bd357f2e0e4e19fe0694c2b6d37c24,5ce66febb84e57ca3ecec989cb8a3dbd,,
,Laplace,0,standing,aed31e60882cf6ae48c90653eca748d5,196608f6a1b50cef32591c3f593c0f8d,,
,Liberalio,0,standing,661632784e818f0c111824dd277dac1b,46057e6b502b8ffdfd6841b1d6edcd3a,,
,Liter,0,aim,ae10f16b8288a17293b14edfa86d8c48,01630a203061a881fbe2b090226e8eb0,,
,Liter,0,cover,19271a0b551a35c6914830185cd6587a,15c0577272eeea43f71aabf80e6a7162,,
,Liter,0,standing,86d964db4438b41c282207d5cbda5509,918ad0daccc6ba5c08a09a8125947496,,
,Ludmilla,0,aim,6967ce49c268f3e16ad3a178b33e96e7,ea1831714576a2fb884bcf30afb3f37b,,
,Ludmilla,0,cover,3d1badbd8e6f332debc26095c6382a3b,5fbe44e99b00cd3983091a23a0c779d5,,
,Ludmilla,0,standing,7223901dacab6a249e53967d4db81976,3cdf13629f2118f954a2422647e18dca,,
,Maiden,0,aim,576e83b658d74af2063b365b46bd4685,e89a3dd9a30fb08c47e0433ca1e704b0,,
,Maiden,0,cover,315e32c90cf9054c3bd3b0e143cb23fc,042aa50cf357b30e46cf1d1a75e1cd43,,
,Maiden,0,standing,baae332fa815b69d5eb408528a4c3468,144ec014706ecdfe092a78109bbc4916,,
,Maiden,1,aim,63f12146642766493a7528cf8193ff59,eaead45cb1394c46f3f5ba00ba5543bc,,
,Maiden,1,cover,1e3b8ae5065bd394ba183f4e082d3e2f,b4cf58866bf7a3796ed43abd5035bb40,,
,Maiden,1,standing,1a0ebf27c3433026ebe3d56b796852c1,5f2aba268d35cf3caa1cd9ee05b71add,,
,Makima,0,aim,3a476c88aca159598bc2da81e62ff6d6,d2a49eb71e8cefbb47558e210ff17e21,,
,Makima,0,cover,d8a7acdd33590671665ad3adb4c810ee,60b2118fa70ba8877f9c1581c16c8883,,
,Makima,0,standing,87e6d55792c4433fe1ee3e28898346d8,d961065e1d45758ff28cd28b215b7cac,,
,Makima,1,aim,a4e93b3d12423272568d25ef43bcf77f,ea92241ccf03cb2c501579709b2a0e49,,
,Makima,1,cover,5ccfa4867bdeab1ab7af6abde3b6d65f,64763b90e15a9bf822a79b4907e50718,,
,Makima,1,standing,dbaa0118f5843e26c6c4cf517d611381,f5c56b53e9188201bb322949f0ea57b7,,
,Mana,0,standing,eaf3a4fbbfb09be7d7bed05e1a393e2f,d24957d791413450d424b6761dd0d148,,
,Marian,0,aim,4b3c1a8e3a86f84c1097b82046f154e5,26b09f4b5c3e42e6afa55eec23ca9af4,,
,Marian,0,cover,470bd01aa1c93dbdcd01ecc31d57099f,cfc63ed1b9a5cef11bfc58ce2240bd99,,
,Marian,0,standing,bcb012a99288b7aa690263f7e0066d6e,10dec3e78778666e06140341e9565b99,,
,Mary,0,aim,ec9e1159059962d748d1d1c21e0a8b8a,98ccfcd078d7a30f90088b99cab94247,,
,Mary,0,cover,6f4cb258aca8355e6cc0f4b96d2af26d,5c02f2616cd9022c6c08b23b60d46371,,
,Mary,0,standing,51d9d75b97332c0678748629ebde9c37,ecfbcbf727d31ae15905c5bbdbb28448,,
,Mast,0,standing,9116d49697c424e1ba517176d2d51884,e5be0547b67e3e30b15b268a91c82d5b,,
,Maxwell,0,aim,d684cd9a8b8e1ef9528c49282c9cbea7,4a72b1e945eb86c0bab5d3c59a7736fd,,
,Maxwell,0,cover,ef2907c0cab9fb949033c12d555fd9dc,7df44c1c7c11bf2a5581eada7af02614,,
,Maxwell,0,standing,545c8a4e2068fb4fc5a37ea4e5eda801,416a88ba918f52b5985ef7aec502c581,,
,Maxwell,1,aim,7c66472d1fb5ddd3409c6a3e2df23adc,6ff82588c610cee7a60c01a45a1d65a3,,
,Maxwell,1,cover,640b794e41339aac3c5a2425be786b4f,ea51a440f0e3aed3312be676b0eb51a9,,
,Maxwell,1,standing,012ee5dfade41fe0e1bfe98a0d98da69,c7de3b2071b353800a36fda851b65ff2,,
,Mica,0,aim,497d4500d7c3dc7eff433858abc69cfa,9a8349f830da7377908ac39b3094e2f6,,
,Mica,0,cover,29ca00f66d673964d532aba97a75aaef,fa6548a30ee012dd5516f02c1af9e83b,,
,Mica,0,standing,54af505839f8441c9fe7347d39cfabc0,42ac69fda3c49ad9a9f0e271d9b5c0dc,,
,Mihara,0,aim,7715701511075e9b6e1ebf3ee760a013,3ee276484be9bb103b96eea74d6c02d6,,
,Mihara,0,cover,7de8ab598f9829bffe3b591fb922393d,8adcb16b925aa570edc31e0b1840d4dd,,
,Mihara,0,standing,59efa830aebf6e44283845c0c790c123,f3b6c6a945aa6341a90ac980c31183ca,,
,Milk,0,aim,8f196603a1677879aed475ee9fccdc19,760029dd86c2d9aff99b8198ca411100,,
,Milk,0,cover,693d354168483f555530c4ee25f12aa5,d2b5641f0f1c980dba36fab5e4fbad64,,
,Milk,0,standing,0f0c00e4a3ef9097cc8b7147330c1191,6fa04804f9de4f4e98355a8495f89870,,
,Milk,1,aim,0570b2b0d50bce9e5eb5d38f6adb873d,55bc25a2d3bd472c350f800876c5114d,,
,Milk,1,cover,de6013d131d4e02a5b498a7e37423924,4335a516f499f62e4d3b270b35764fa3,,
,Milk,1,standing,e1d46c60e6e2b32fb96418619b3bcafe,6781471a97bde9b2573960604ffcdb52,,
,Miracle Fairy Anne,0,aim,e5c0d78d58ad5e7165bd540dc698726d,55085d7a2c242af2740bde510783b834,,
,Miracle Fairy Anne,0,cover,635efb41153cabd5d32a387369c59ef4,ac8d2ee217a83854f730a45d667d458a,,
,Miracle Fairy Anne,0,standing,01d4485516de9dd8946bfda6de4b3999,90807a5374ee3e7aabbc40bc59c420ca,,
,Miranda,0,aim,f336ab46ef442562829173172744c951,2d9bb2ea922eaff514f9d9297966f5e4,,
,Miranda,0,cover,76b524be4d0d27f97e626d2ba2e8e730,c840d9df45c5ac213dfe6753c3eab97a,,
,Miranda,0,standing,ba11c350e53edebd675d5bd719c78ec1,a88e8791f03274ee7451079b1393c412,,
,Modernia,0,aim,61c3fede851e02765c6a81e1bc04a08f,ba31a661e8a579e6e163f758ab02ca1b,,
,Modernia,0,cover,7120b2392db23d1d061072fe469cc9a8,0132b1365762653f25bc3b4104c6c259,,
,Modernia,0,standing,4d99f3ccaf346a6072ba043a920867b8,e870775bc9f4cbee494cd845ce76e8cb,,
,Moran,0,standing,d32043a6f0dc69e954e3911bff42f209,3874769fc93515b1b9d388fa259431e7,,
,Mustang,0,standing,a64855d1763e4320afebd2a77c044e2a,cf16663aa85bfdc206e9a394a8ff96a1,,
,N102,0,aim,1b3e7ff1baa03f3d6016633897121b62,65249d47bf6c1a049d40f0b2ed46f997,,
,N102,0,cover,d7becf7e81fd37e48dcd829aef6435ad,87087d940da8220fab393fad66245a5b,,
,N102,0,standing,f1976a3e9af527133bfce4a691839f78,16ba7e03d5510dbcbf07c689637d4282,,
,Neon,0,aim,7160c98c13bbcf516508c8ca3a06234c,6febe42aa856fd28c511bcbfe57049d5,,
,Neon,0,cover,cd5e36877d3d03c7f8c9e7a0c05c8778,000ea9576ea54f173ebe14504880241d,,
,Neon,0,standing,bcf8cd04d07b2a55eba63ec3d0df588d,9eeface2aa926a809734cb4a85c46544,,
,Neon,1,aim,24cdd744cc170db991f8e30358be2a28,7a79384a67dac9f4dedde5655499fb54,,
,Neon,1,cover,c3cca181c25d5b9e1dfc8025f0658326,099794251f48219e731b03a1aaf41249,,
,Neon,1,standing,0ea9fbbd88e1d1499d88efcece7a809a,eb26a92c596f5c16185e3120b216a781,,
,Nero,0,standing,3b31da53220944b8e5cd54a1581010ff,b8b948759f0c5f2952d719a80074429d,,
,Neve,0,aim,656b420b2fd42392d120aa70de22f7c1,ff65abc2088131bb131a5b81d9f46fd1,,
,Neve,0,cover,476dab70287936919df9844c19c35125,98c8daf642d4a3ad65de68c36564f776,,
,Neve,0,standing,16d1b78544e640c56789fca3aaed452c,df4af2b583d8c4986f08ba3d2be566e1,,
,Nihilister,0,aim,049965a7299f0d1374dbf888a97110de,908ef024ba457ad7e874b294011d3c4f,,
,Nihilister,0,cover,9c8b5e5fc20e22079085d6baca6a9c18,3af5eda27c7211cb8bd8208b44387fc0,,
,Nihilister,0,standing,5cbe1415c1568f4e874641b7e079ffc4,ace1e6a4098c94640f5bd0bcb0549a51,,
,Noah,0,aim,10e6da0ead18cf6dbd8b4be21a95126c,fcd6e7da7d83945d57de18a03a8a12bd,,
,Noah,0,cover,461292dda4a8ed1b4d1a2e0305ae130b,f26f01b728d0505161803114df717adc,,
,Noah,0,standing,3c559baaafc4e53af728feb5810b09d5,03611fa9ff339554419953ef08523e22,,
,Noir,0,aim,63e3d52a1046c740bbca0e625beb05fb,,,
,Noir,0,cover,4e1e1aa68839a1f920d9d95c5d3f4c30,,,
,Noir,0,standing,493c989f243f801ee295d95fbe89e9a9,078c5c19677b955cc39024e0bc87c972,,
,Noise,0,aim,4329300533505b101cf8e01fc8ebad4e,e215ca95c6f8e5addd54769c3fdc71ce,,
,Noise,0,cover,5f7639dd27820a83affeb6980cae379c,689a48cd73ca9ec70c37a59e3879af55,,
,Noise,0,standing,c471eb3ab87090b4b364d8ae6a8e4e67,8b33b0848b3b17f2db8132c1b5d7706f,,
,Noise,1,aim,a67765bfc9cf4d22d4bbc74cb501ac35,0dd822303e9bd973e2e086bc05e124d9,,
,Noise,1,cover,344045aeceb58091e7436c645d6b3040,480f7e26c28fd2d640a85131775e6ec8,,
,Noise,1,standing,041b36c61be46cc295fd5c03bb5f770e,539dabd5b81c17832f9544818d4e3d0f,,
,Novel,0,aim,67020acd7b2a68dc7cd33def6db81b8f,07d5e4cdd0a80088255892ef6e1ef6e9,,
,Novel,0,cover,727356308c5273cba67dfc2bd6f68abb,984c2ad297c8e9c7e91ecd24efb65e8f,,
,Novel,0,standing,2dcc6a9289c9394095779d88e2467979,e8dcfdee8f72c6982e132aee9968d5db,,
,Novel,1,aim,2ee998de08541497b9b19ef4625974f5,259570e13c1f3124b777a0ab0da6b1a9,,
,Novel,1,cover,130b211699a178c16f497090439e11f6,04263982c4706fa8c4381a5880b8ed09,,
,Novel,1,standing,51b4957c29bf808b372d450b8401730f,c09a77c851b3cf06aa56e01210817ce0,,
,Papillon,0,standing,02718742b0ac459e739fdfae55268736,7e8310330b2182bb91b2bfc5624a9621,,
,Pepper,0,aim,b66bbb4e44933719e7b11b8e9a8decd8,51631256f295821b58692a4f65571f13,,
,Pepper,0,cover,67225477253fe43e5bbf9cf2b22fe72a,4ea18db9bc96ee842cf3aa33ca466022,,
,Pepper,0,standing,db6c2c030447efc237c476b4979f962f,4e88449e4132575bdc230d87d4b48a31,,
,Pinne,0,standing,db8d27f65a2392335260b1a9f3ffdb99,5ee9847eab30da9c56bea00659760080,,
,Poli,0,aim,6de658720ab5b1f39b63a3bd08ba98c8,5ef189fd5f7a5c260d7f194a1b8531fe,,
,Poli,0,cover,8546807979639ef75857ba809bbed28f,3d0e8c5dda1cd43174a438a1f6d9bea5,,
,Poli,0,standing,f10093b901e4239438bc9947929f50a2,64b3d2cdbb7455c9666a14763628edbd,,
,Poli,1,aim,4b782854b784134f1583f25a09556e62,db92c74631856a0e499b7821a6633cab,,
,Poli,1,cover,b6c0525502ee543222c671479525a50d,59fda358a5c891adf2c545a3325390bc,,
,Poli,1,standing,09a7109a4ee30348928b7df7763b2c53,cba5c5f042365aed51ab2f69d2c58561,,
,Power,0,aim,82b08b56745964eecd454b8ce0e3d923,03ae3697765b83cd83bef7678e2d50bf,,
,Power,0,cover,78ea0c59bc7c00f0ebb7dcaf716b1066,72fdfc3fd0d51a95b05b36fe0233209b,,
,Power,0,standing,63517057bce497fb6ca996df681a5298,8a6b7ae02b5a9edb6e4c28f579063135,,
,Privaty,0,aim,75f65c62db0059f8ca56e491ba33a2d3,32c0b5a7cd0d07b66862d00afbfa214c,,
,Privaty,0,cover,5103e2ac9ae654ec04b46a95c2ed3922,e4652d44e2783c3d540b9ea0cd863e9c,,
,Privaty,0,standing,ed131428e80479b6f3fb6266c9ede6fa,5c0f3ef4b4a19d8b521f572ea581480d,,
,Privaty,1,aim,540c70cfd0f49432d246523b9b2c967b,18c2c76f37788ace36c087444bd364c3,,
,Privaty,1,cover,4395415dcda1a04ef78b476b81258486,1dd440ae515fdfc5c84a9d18b744ad1e,,
,Privaty,1,standing,71070359230a114c39ede088b0055c38,2e843d875e3cb168c574135b5c06e235,,
,Product 08,0,aim,814a7f1761498ea77254383ca45f8176,db1f6254d8efa816b3d08c8520703012,,
,Product 08,0,cover,c1a4e2a01be63d442bd38819f2f0afd9,827d5417f42e5157e6e84c4c1799a872,,
,Product 08,0,standing,150ed497efdf244da940690bd3027d04,89afd51ecc336b08988ef818e374a6a8,,
,Product 12,0,aim,b920749ede3db4ba048759861e44e342,79a82dc114915a6162b5cae0803bea9c,,
,Product 12,0,cover,669516069ddac58271b48b408c326c59,b71bd62736956d77eb2ca1a3035a7a52,,
,Product 12,0,standing,f5783ed6d9f7139683aa8df2b8189759,7a07c248a4531bc0457fd309e0c6159e,,
,Product 23,0,aim,e85f97dbe9f7e4576329a09cbea00828,ecddb87c4f157bdb6ea8be0174fb3833,,
,Product 23,0,cover,a548be20521f913fb04fbfbf861c1e15,6b92b3c86c6766dc78bbf94bb56c0b9d,,
,Product 23,0,standing,03debc30699da34eb5e0f2c49ef54345,1cfcd0cf8a1017149c0f203b838c87f8,,
,Quency,0,aim,b374734d6227a6a887f5f0f87c85fb91,3d9a8ff7a425dc0bfb6e006da688b603,,
,Quency,0,cover,7591f41de3bddac8e621e51adef744f5,c01c471c2a233e4b16210942d2b7335f,,
,Quency,0,standing,79e1b80d6ec980e33d24dd4608ed0bcb,30e402931c01ddd3f2e455b4ee1e5110,,
,Rapi,0,aim,29b3a298fba326e24ed52a5e66f296b5,aaed6cf6aa234cab412a5a47f1686685,,
,Rapi,0,cover,4b48df1808763b1c626e5115d6918bf3,eeffeedae5e5af1d96eaf434ecbec569,,
,Rapi,0,standing,6d1d1a99273f0615425bc3964755772e,1034208feb7c4eee5558952648635f41,,
,Rapi,1,aim,619e329b4a0969df0816dc1595a4e32e,0a3a4d273cb18ff30c5af397ea75b80b,,
,Rapi,1,cover,6f88d2e1126cdf7df7c6b6088545b472,d3c49f4a44f176b130d306656968aa4b,,
,Rapi,1,standing,64f5e5b578a08a105ad23e0b1484d4f1,0eed601fe1f16db069aa4385ae4591e0,,
,Rapunzel,0,aim,d65ef2558fbe30b79139c6652b9f9e19,55fd03ce6219bff8935afe529f537878,,
,Rapunzel,0,cover,b9f579026c8f8f7711cae74413329d15,645525495f4f260b75897ca59c726768,,
,Rapunzel,0,standing,5a984b2aecbae3563bfea60b5bd09e60,1c7fab5fc4997251b8d40e9e401262ad,,
,Rei,0,aim,38030667c6ee97e28ebf9f2e246580c0,c0711e088858be956b43ce34a7e7e1da,,
,Rei,0,cover,20d548e4c9bec1b4f479632ca83cc90a,10ee1c99594d39b53525daf5b2a67aa9,,
,Rei,0,standing,b295e52cb4573387c6580649002ebb2d,9f173bf82d66011664c7215d44dbfc26,,
,Rian,0,standing,a90c26e313770404ea8f205e601d0ebc,c126e08100167168a944b07724b34f17,,
,Rosanna,0,aim,6384d4d4477f6fa92eea3b1d39a9627a,,,
,Rosanna,0,cover,13ee2ffbd33fb3db87950b8e9ea42344,,,
,Rosanna,0,standing,1190e8ac50366dd66d4a6e72313a01ee,1331303acd58a78ea3800f4bb82b5edd,,
,Rouge,0,standing,cf87b4ae7a0d1af0f27eb3f4697253c5,,,
,Rumani,0,standing,a016accb3a792bcefd65f041d019b766,d71cdbbbaf0bbaad1820bc9af9dfbf8c,,
,Rupee,0,aim,724df590805915d4379e2c3f2f392ca5,8328c3d6b54413fc02b397232d4a0183,,
,Rupee,0,cover,f7948958122c5c30671ee1e2595cbdeb,df24a069b34fac594310b6f4e63df0db,,
,Rupee,0,standing,96da1c6345af212549c6a2e0ec7ab471,7a0e41093f9ecf11fb0cd33a0de423b2,,
,Rupee,1,aim,0c4e4eaa253affb02a459f6190d87632,,,
,Rupee,1,cover,a5c77ea3bee1a198c0aa3220f7cb940a,,,
,Rupee,1,standing,244cf4e7fbd7451c63f374388ecb328d,,,
,Sakura,0,aim,c6fbb3e0244507b5b3a4a737fd7c09e9,c7bea53d8952b3052415a734582fa397,,
,Sakura,0,cover,3df8343f591079cf26ad22bbac41e1af,dd7ff987217f4bd074f7a8a35f6ac8e5,,
,Sakura,0,standing,ec42526c7879bf413008564d253c586b,17b7d4c540cd206f9e70b78453605a14,,
,Sakura,1,aim,f2775f9e5d2dbded3f7dd15e9632baa5,,,
,Sakura,1,cover,6f5fa78975e460974de92fb7f49f57cb,,,
,Sakura,1,standing,aca2f351c6bb0c06d8146f5bef717b10,,,
,Scarlet,0,aim,3d13806cd4ee327b6824888088cace6f,dad7c70c7171643d3d108fdaf4dee492,,
,Scarlet,0,cover,6cda4fadef230af7d35342c2f5a43f63,358fa38fcd93ee42787e76def40b124d,,
,Scarlet,0,standing,fc0a5a2af677c1368f720314838d668f,32389315ba08e7c5f4c35fa894c546cb,,
,Shifty,0,aim,4b22cc1e81ffc0a48c5ecc386977d762,b627d59c358c6735cbc59f23857535aa,,
,Shifty,0,cover,db5b6fcab10743b7324fe65d5afe973c,6051d8efb90f1eacafaeeca85b8817d4,,
,Shifty,0,standing,feceb5f871c8b47b8e19d3dd71f04274,0d0311322065fc37658021b4a66ad033,,
,Signal,0,aim,c221050dce8a9e0e1d9fc6d32696e80a,9220c83aaa99963acb18794bf0662e22,,
,Signal,0,cover,35a3f4edaed39cb9bfb209caca639a15,fd9a4f905c0bb810e75d0900b792e42f,,
,Signal,0,standing,f8d04a540127e00a7f8c552bc648c806,12bb7e3f6ae12537a6669b338360e3f3,,
,Signal,1,aim,cc30eac2b5bc63052bcf07973392ee6d,7abba7ef0b22c60c5a58aa6a1b6d5bcb,,
,Signal,1,cover,2fe781c50f9fd94b0fedabcd815ab11f,cae20414511c40fb2ceafb5e663dc596,,
,Signal,1,standing,d47ef5a95f79c305428ebae5dd83071f,4b533f4121acf237b5f7551db6cd1918,,
,Sin,0,aim,a09e6708596f261bd30c49f23cd84041,4c6b8dec4fbd1603ab6c55bba49da671,,
,Sin,0,cover,7aef81bd9a3854f864b29f4547fd8c47,824e31fe5e0cb4ad02e0a3106a493596,,
,Sin,0,standing,3cb4587a5fde294bffb9e574982fe95d,ec0c516973ec4095fc825eefcf95aab1,,
,Snow White,0,aim,bf8e74aeabcbaf0cd06ccb682ae18e2d,f8e660b1b85a956645dbe5a906c1e2d2,,
,Snow White,0,cover,86b39d8c58d24353be71bbb32b542159,6d681c2b4060862a8714ad233239bb92,,
,Snow White,0,standing,4c3dab3bfe819348d23c4084f9d9b40c,4ab80991b8f9ef9681d0840cf9c06b04,,
,Soda,0,aim,700cffbafd16ddf9355ceeb53d056f74,1f49bc2b0537b00105acc6b1b3632288,,
,Soda,0,cover,fda800b430441d1760af6c1a63f46500,66795a29b3b4c4a51814f02e3f2191cb,,
,Soda,0,standing,0d6358293bf9a15c7fb533964338122d,1f5b7b9538186ddaf72d797e80cf5df3,,
,Soldier EG,0,aim,daaa391fbcdc2bff7f63fed4f15966f8,26734493a39e41245d16311f7eedfe7c,,
,Soldier EG,0,cover,c754af6b7ddebbb9236b68655b53b64c,1e3cf138692468ee20876800a966e4bb,,
,Soldier EG,0,standing,20d6231142358330e890ca4d244ed845,5c7e09e5f57f13dbae469c6bbe786d54,,
,Soldier FA,0,aim,db6e64362763c64d28267c9641154eee,9d802de763f31b1a18f36f5b859d831f,,
,Soldier FA,0,cover,da2cf5c5047c3a083e23246b91cb0feb,274646e882543abaa8dff7325f320bb5,,
,Soldier FA,0,standing,f1d1a8caef024cb2fc2a9b8442ef20cf,cbd13ad491283a1040bb84ededa8c7fa,,
,Soldier OW,0,aim,0b1c483c37df21b4c328a4e39f89800d,189d27db175e6cf4f09ac839e1192ce1,,
,Soldier OW,0,cover,f08d56dd10f2d56224ba96fee0ca5a7f,e8fac1ae1cecd2457b066f43413aee0f,,
,Soldier OW,0,standing,8b4b5f20dfd8562b5bc337b447e7b721,d8181f57010112682401ec68237809b0,,
,Soline,0,aim,34686cc3e364765c221c3e4a51d64f83,52f0fb5fd269cec4d35224ecdffd9580,,
,Soline,0,cover,8a36dec5fe695e3c55b80ed99c27ca0e,e25444f36743913056cda5ac35cd387d,,
,Soline,0,standing,7b056bf365514a20ef1960724a8d1eb8,0e9aaf86a64c3e3af2d84a7b43272b87,,
,Sugar,0,aim,6be2d3ea7636cc25f557ed7e6b976b1e,2ab5190eb540fe4afc93a32b8d6d854e,,
,Sugar,0,cover,761dc4f5a17661d1e5140b713417124a,7dd909167db90a70df7acced42ac1052,,
,Sugar,0,standing,bb50be90e2accc3e70793b673b216936,56f5923277b1c822d09074b0924507d9,,
,Sugar,1,aim,1713e9f21ee1b4fc8f039d82ec3f4d5b,99bd082a76ffb981a40f6a2f7dc2b628,,
,Sugar,1,cover,b9e1928fafb60b8af8ea3ab6f4e43252,a9af03a0580a3436c287ebe6706f17dd,,
,Sugar,1,standing,ab5f597e29928b65d81dc27ff8b38753,e8034a56d2ee50b51307d53393acdb4f,,
,Syuen,0,standing,151ffa5c34cda1be65fb9272499f3b25,6e797e5d8b1dda4a174e3126ce4c7f7f,,
,Vesti,0,aim,ee82c79031e743176adf9bacbc6aa4d5,3e45c00e3012c35aea93475ebfed0dc8,,
,Vesti,0,cover,4142a51e0b5caa80d796a23b3a806796,e29cf3e7675c758d3783921469d745bb,,
,Vesti,0,standing,f8a3f4d197dfb346a98b6c237e474696,76f7460db453ca0fa27e29c33a1be3a8,,
,Viper,0,aim,65a4e45509ae482603741c751e5477bf,9af267020492766e2c2060614beea504,,
,Viper,0,cover,35ead53ffea0d75f6929737ff7db1be0,e726b887d470e22d81714504f693717a,,
,Viper,0,standing,a98eb001ffd6b34405fe56572fdea0bd,b17e3992ffdc055513c2eed049951b2b,,
,Viper,1,aim,225711b7e54569c6f36f87165e7420eb,558f82d9582e56880d32a6fa0fa086fa,,
,Viper,1,cover,26107985ee8dc0f3f81b0cc601f1d0f6,201a20fc5e84dba737ee4084bfb168e0,,
,Viper,1,standing,74a002236d9bc7c7252ca093d7766157,126840c846236307cddd5a8b80f4ceff,,
,Volume,0,aim,cb13235301a5d194676b2feee9a4d325,3b3f1bd580bfa3ce3339780d837c6477,,
,Volume,0,cover,8ec7102612239f5dffd1cbbf14bb0943,98c6a6b86c2ed5608c0cfcb035e01ead,,
,Volume,0,standing,37ffe44f7ca9cc17c880d44d2bfbb2e7,66185e0270f8a5d9577f22b0ff539aaa,,
,Winter Shopper Rupee,0,aim,b8826a242aeaed941c55f79a3f7cbaf2,4d8863df0dc22df22e0bdca536262fe9,,
,Winter Shopper Rupee,0,cover,b75e8309e30dfd8bbbaac2833c795377,f67c85b095e7e621c799eb1c86473cfb,,
,Winter Shopper Rupee,0,standing,40fb8d34cf54dd91214b049756f3d7da,3f5904c15f4a19558d37cca79e6bf80c,,
,Yan,0,aim,3b6d87caf1e4a8044f1303aa00df8579,f0cad813843d70e943bd4b54ebb55886,,
,Yan,0,cover,f6438974540510e25fdf32874ca76815,07b8f5520a771ec36eb59f5c0e68a27c,,
,Yan,0,standing,959a10fbd4735e1488f0b0bf699c623b,b93573b4b2b13694ae1310c7bf9e9772,,
,Yulha,0,aim,65dcfba3b30bca8b236daf620c664ffa,aa1a0848907c664877951958a43b173d,,
,Yulha,0,cover,91ee55d7b878dc54ef7d8bfdca830682,cf11f5a268ec65ba555b74550fec07fa,,
,Yulha,0,standing,a37716d584b45a3019e8ba99e36c0f74,96b765dc1c5aca5c53c76c0a4b3657f7,,
,Yuni,0,aim,3b6caa451935edf8495acfaa28272029,a013cc8178fed12d0ac2ecd8b4361627,,
,Yuni,0,cover,820c76cc19d1cb6de5f4e64fe67c3af6,99d99edf47cee39bce74fe41454a6fd4,,
,Yuni,0,standing,fc7c504b22613fdd7c823d7f0757fe83,11c41a1b6e026fbe7b85c6e9fa2f3f5a,,
,Yuni,1,aim,05e69e571245640869e465052b7af159,d227e8073bf345756552329cb9608d43,,
,Yuni,1,cover,56b252ac005c920f5c72038fcf2fc1c4,6904b69b8a0aa67b794d17d62fec1c56,,
,Yuni,1,standing,7d349353ccafc49d40196621004ca2da,185b8cb5583bfe757058d06b07f58447,,
,Zwei,0,standing,6526a6377faeea58df6059b92276559c,56fa75471c6a6766d7467721ce8e20c5,,